country,continent,year,life_expectancy,population_millions,gdp_per_capita
Afghanistan,Asia,1952,28.801,8.425333e-06,779.4453145
Afghanistan,Asia,1957,30.332,9.240934e-06,820.8530296
Afghanistan,Asia,1962,31.997,1.0267082999999999e-05,853.10071
Afghanistan,Asia,1967,34.02,1.1537966e-05,836.1971382
Afghanistan,Asia,1972,36.088,1.307946e-05,739.9811058
Afghanistan,Asia,1977,38.438,1.4880371999999999e-05,786.11336
Afghanistan,Asia,1982,39.854,1.2881816000000001e-05,978.0114388
Afghanistan,Asia,1987,40.822,1.3867957e-05,852.3959448
Afghanistan,Asia,1992,41.674,1.6317921e-05,649.3413952
Afghanistan,Asia,1997,41.763,2.2227415e-05,635.341351
Afghanistan,Asia,2002,42.129,2.5268405e-05,726.7340548
Afghanistan,Asia,2007,43.828,3.1889923e-05,974.5803384
Albania,Europe,1952,55.23,1.282697e-06,1601.056136
Albania,Europe,1957,59.28,1.4765049999999999e-06,1942.284244
Albania,Europe,1962,64.82,1.728137e-06,2312.888958
Albania,Europe,1967,66.22,1.98406e-06,2760.196931
Albania,Europe,1972,67.69,2.2635540000000002e-06,3313.422188
Albania,Europe,1977,68.93,2.509048e-06,3533.00391
Albania,Europe,1982,70.42,2.780097e-06,3630.880722
Albania,Europe,1987,72.0,3.0753210000000004e-06,3738.932735
Albania,Europe,1992,71.581,3.3264979999999998e-06,2497.437901
Albania,Europe,1997,72.95,3.428038e-06,3193.054604
Albania,Europe,2002,75.651,3.5085120000000003e-06,4604.211737
Albania,Europe,2007,76.423,3.600523e-06,5937.029526
Algeria,Africa,1952,43.077,9.279525e-06,2449.008185
Algeria,Africa,1957,45.685,1.0270856e-05,3013.976023
Algeria,Africa,1962,48.303,1.1000948e-05,2550.81688
Algeria,Africa,1967,51.407,1.2760499e-05,3246.991771
Algeria,Africa,1972,54.518,1.4760787e-05,4182.663766
Algeria,Africa,1977,58.014,1.7152804e-05,4910.416756
Algeria,Africa,1982,61.368,2.0033753e-05,5745.160213
Algeria,Africa,1987,65.799,2.3254956e-05,5681.358539
Algeria,Africa,1992,67.744,2.6298373e-05,5023.216647
Algeria,Africa,1997,69.152,2.9072015e-05,4797.295051
Algeria,Africa,2002,70.994,3.1287142e-05,5288.040382
Algeria,Africa,2007,72.301,3.3333216e-05,6223.367465
Angola,Africa,1952,30.015,4.232095e-06,3520.610273
Angola,Africa,1957,31.999,4.561361e-06,3827.940465
Angola,Africa,1962,34.0,4.826015e-06,4269.276742
Angola,Africa,1967,35.985,5.2474689999999995e-06,5522.776375
Angola,Africa,1972,37.928,5.894858e-06,5473.288005
Angola,Africa,1977,39.483,6.162675e-06,3008.647355
Angola,Africa,1982,39.942,7.016384000000001e-06,2756.953672
Angola,Africa,1987,39.906,7.87423e-06,2430.208311
Angola,Africa,1992,40.647,8.735988000000001e-06,2627.845685
Angola,Africa,1997,40.963,9.875024e-06,2277.140884
Angola,Africa,2002,41.003,1.0866106e-05,2773.287312
Angola,Africa,2007,42.731,1.2420476e-05,4797.231267
Argentina,Americas,1952,62.485,1.7876956e-05,5911.315053
Argentina,Americas,1957,64.399,1.9610538e-05,6856.856212
Argentina,Americas,1962,65.142,2.1283783e-05,7133.166023
Argentina,Americas,1967,65.634,2.2934225e-05,8052.953021
Argentina,Americas,1972,67.065,2.4779799e-05,9443.038526
Argentina,Americas,1977,68.481,2.6983828e-05,10079.02674
Argentina,Americas,1982,69.942,2.9341374e-05,8997.897412
Argentina,Americas,1987,70.774,3.1620918e-05,9139.671389
Argentina,Americas,1992,71.868,3.3958947e-05,9308.41871
Argentina,Americas,1997,73.275,3.6203463e-05,10967.28195
Argentina,Americas,2002,74.34,3.8331121e-05,8797.640716
Argentina,Americas,2007,75.32,4.0301927e-05,12779.37964
Australia,Oceania,1952,69.12,8.691212e-06,10039.59564
Australia,Oceania,1957,70.33,9.712569000000001e-06,10949.64959
Australia,Oceania,1962,70.93,1.0794968e-05,12217.22686
Australia,Oceania,1967,71.1,1.1872264e-05,14526.12465
Australia,Oceania,1972,71.93,1.3177e-05,16788.62948
Australia,Oceania,1977,73.49,1.40741e-05,18334.19751
Australia,Oceania,1982,74.74,1.5184200000000001e-05,19477.00928
Australia,Oceania,1987,76.32,1.6257249e-05,21888.88903
Australia,Oceania,1992,77.56,1.7481977e-05,23424.76683
Australia,Oceania,1997,78.83,1.8565242999999997e-05,26997.93657
Australia,Oceania,2002,80.37,1.9546792e-05,30687.75473
Australia,Oceania,2007,81.235,2.0434176e-05,34435.36744
Austria,Europe,1952,66.8,6.927772e-06,6137.076492
Austria,Europe,1957,67.48,6.96586e-06,8842.59803
Austria,Europe,1962,69.54,7.129864000000001e-06,10750.72111
Austria,Europe,1967,70.14,7.376998e-06,12834.6024
Austria,Europe,1972,70.63,7.544201e-06,16661.6256
Austria,Europe,1977,72.17,7.56843e-06,19749.4223
Austria,Europe,1982,73.18,7.574613e-06,21597.08362
Austria,Europe,1987,74.94,7.578903e-06,23687.82607
Austria,Europe,1992,76.04,7.914969e-06,27042.01868
Austria,Europe,1997,77.51,8.069876000000001e-06,29095.92066
Austria,Europe,2002,78.98,8.148312e-06,32417.60769
Austria,Europe,2007,79.829,8.199783e-06,36126.4927
Bahrain,Asia,1952,50.939,1.20447e-07,9867.084765
Bahrain,Asia,1957,53.832,1.38655e-07,11635.79945
Bahrain,Asia,1962,56.923,1.7186299999999998e-07,12753.27514
Bahrain,Asia,1967,59.923,2.02182e-07,14804.6727
Bahrain,Asia,1972,63.3,2.308e-07,18268.65839
Bahrain,Asia,1977,65.593,2.9741e-07,19340.10196
Bahrain,Asia,1982,69.052,3.77967e-07,19211.14731
Bahrain,Asia,1987,70.75,4.54612e-07,18524.02406
Bahrain,Asia,1992,72.601,5.29491e-07,19035.57917
Bahrain,Asia,1997,73.925,5.985610000000001e-07,20292.01679
Bahrain,Asia,2002,74.795,6.56397e-07,23403.55927
Bahrain,Asia,2007,75.635,7.08573e-07,29796.04834
Bangladesh,Asia,1952,37.484,4.6886859e-05,684.2441716
Bangladesh,Asia,1957,39.348,5.1365468e-05,661.6374577
Bangladesh,Asia,1962,41.216,5.6839289e-05,686.3415538
Bangladesh,Asia,1967,43.453,6.282188399999999e-05,721.1860862
Bangladesh,Asia,1972,45.252,7.075929499999999e-05,630.2336265
Bangladesh,Asia,1977,46.923,8.042830600000001e-05,659.8772322
Bangladesh,Asia,1982,50.009,9.3074406e-05,676.9818656
Bangladesh,Asia,1987,52.819,0.000103764241,751.9794035
Bangladesh,Asia,1992,56.018,0.000113704579,837.8101643
Bangladesh,Asia,1997,59.412,0.000123315288,972.7700352
Bangladesh,Asia,2002,62.013,0.00013565679,1136.39043
Bangladesh,Asia,2007,64.062,0.000150448339,1391.253792
Belgium,Europe,1952,68.0,8.730404999999999e-06,8343.105127
Belgium,Europe,1957,69.24,8.989111e-06,9714.960623
Belgium,Europe,1962,70.25,9.218400000000001e-06,10991.20676
Belgium,Europe,1967,70.94,9.556499999999999e-06,13149.04119
Belgium,Europe,1972,71.44,9.7091e-06,16672.14356
Belgium,Europe,1977,72.8,9.8218e-06,19117.97448
Belgium,Europe,1982,73.93,9.856303e-06,20979.84589
Belgium,Europe,1987,75.35,9.8702e-06,22525.56308
Belgium,Europe,1992,76.46,1.0045622e-05,25575.57069
Belgium,Europe,1997,77.53,1.0199787000000001e-05,27561.19663
Belgium,Europe,2002,78.32,1.031197e-05,30485.88375
Belgium,Europe,2007,79.441,1.0392226000000001e-05,33692.60508
Benin,Africa,1952,38.223,1.7383150000000001e-06,1062.7522
Benin,Africa,1957,40.358,1.925173e-06,959.6010805
Benin,Africa,1962,42.618,2.151895e-06,949.4990641
Benin,Africa,1967,44.885,2.427334e-06,1035.831411
Benin,Africa,1972,47.014,2.7614070000000003e-06,1085.796879
Benin,Africa,1977,49.19,3.1682670000000004e-06,1029.161251
Benin,Africa,1982,50.904,3.641603e-06,1277.897616
Benin,Africa,1987,52.337,4.2437880000000004e-06,1225.85601
Benin,Africa,1992,53.919,4.981671000000001e-06,1191.207681
Benin,Africa,1997,54.777,6.0660800000000005e-06,1232.975292
Benin,Africa,2002,54.406,7.026112999999999e-06,1372.877931
Benin,Africa,2007,56.728,8.078314e-06,1441.284873
Bolivia,Americas,1952,40.414,2.883315e-06,2677.326347
Bolivia,Americas,1957,41.89,3.211738e-06,2127.686326
Bolivia,Americas,1962,43.428,3.593918e-06,2180.972546
Bolivia,Americas,1967,45.032,4.040664999999999e-06,2586.886053
Bolivia,Americas,1972,46.714,4.565872e-06,2980.331339
Bolivia,Americas,1977,50.023,5.079716e-06,3548.097832
Bolivia,Americas,1982,53.859,5.642224e-06,3156.510452
Bolivia,Americas,1987,57.251,6.156368999999999e-06,2753.69149
Bolivia,Americas,1992,59.957,6.8934509999999994e-06,2961.699694
Bolivia,Americas,1997,62.05,7.693188e-06,3326.143191
Bolivia,Americas,2002,63.883,8.445134e-06,3413.26269
Bolivia,Americas,2007,65.554,9.119152e-06,3822.137084
Bosnia and Herzegovina,Europe,1952,53.82,2.791e-06,973.5331948
Bosnia and Herzegovina,Europe,1957,58.45,3.076e-06,1353.989176
Bosnia and Herzegovina,Europe,1962,61.93,3.349e-06,1709.683679
Bosnia and Herzegovina,Europe,1967,64.79,3.585e-06,2172.352423
Bosnia and Herzegovina,Europe,1972,67.45,3.819e-06,2860.16975
Bosnia and Herzegovina,Europe,1977,69.86,4.086e-06,3528.481305
Bosnia and Herzegovina,Europe,1982,70.69,4.172693e-06,4126.613157
Bosnia and Herzegovina,Europe,1987,71.14,4.338977e-06,4314.114757
Bosnia and Herzegovina,Europe,1992,72.178,4.256013e-06,2546.781445
Bosnia and Herzegovina,Europe,1997,73.244,3.6070000000000004e-06,4766.355904
Bosnia and Herzegovina,Europe,2002,74.09,4.1654159999999996e-06,6018.975239
Bosnia and Herzegovina,Europe,2007,74.852,4.552198e-06,7446.298803
Botswana,Africa,1952,47.622,4.42308e-07,851.2411407
Botswana,Africa,1957,49.618,4.74639e-07,918.2325349
Botswana,Africa,1962,51.52,5.127639999999999e-07,983.6539764
Botswana,Africa,1967,53.298,5.535409999999999e-07,1214.709294
Botswana,Africa,1972,56.024,6.19351e-07,2263.611114
Botswana,Africa,1977,59.319,7.81472e-07,3214.857818
Botswana,Africa,1982,61.484,9.703469999999999e-07,4551.14215
Botswana,Africa,1987,63.622,1.151184e-06,6205.88385
Botswana,Africa,1992,62.745,1.342614e-06,7954.111645
Botswana,Africa,1997,52.556,1.536536e-06,8647.142313
Botswana,Africa,2002,46.634,1.630347e-06,11003.60508
Botswana,Africa,2007,50.728,1.639131e-06,12569.85177
Brazil,Americas,1952,50.917,5.6602559999999996e-05,2108.944355
Brazil,Americas,1957,53.285,6.555117099999999e-05,2487.365989
Brazil,Americas,1962,55.665,7.603939e-05,3336.585802
Brazil,Americas,1967,57.632,8.8049823e-05,3429.864357
Brazil,Americas,1972,59.504,0.000100840058,4985.711467
Brazil,Americas,1977,61.489,0.00011431395100000001,6660.118654
Brazil,Americas,1982,63.336,0.000128962939,7030.835878
Brazil,Americas,1987,65.205,0.000142938076,7807.095818
Brazil,Americas,1992,67.057,0.00015597597400000002,6950.283021
Brazil,Americas,1997,69.388,0.000168546719,7957.980824
Brazil,Americas,2002,71.006,0.00017991421199999998,8131.212843
Brazil,Americas,2007,72.39,0.000190010647,9065.800825
Bulgaria,Europe,1952,59.6,7.2749e-06,2444.286648
Bulgaria,Europe,1957,66.61,7.651254e-06,3008.670727
Bulgaria,Europe,1962,69.51,8.012946e-06,4254.337839
Bulgaria,Europe,1967,70.42,8.310226e-06,5577.0028
Bulgaria,Europe,1972,70.9,8.5762e-06,6597.494398
Bulgaria,Europe,1977,70.81,8.797022e-06,7612.240438
Bulgaria,Europe,1982,71.08,8.892098e-06,8224.191647
Bulgaria,Europe,1987,71.34,8.971958e-06,8239.854824
Bulgaria,Europe,1992,71.19,8.658506e-06,6302.623438
Bulgaria,Europe,1997,70.32,8.066057000000001e-06,5970.38876
Bulgaria,Europe,2002,72.14,7.661799e-06,7696.777725
Bulgaria,Europe,2007,73.005,7.322858e-06,10680.79282
Burkina Faso,Africa,1952,31.975,4.4699790000000005e-06,543.2552413
Burkina Faso,Africa,1957,34.906,4.713415999999999e-06,617.1834648
Burkina Faso,Africa,1962,37.814,4.919632e-06,722.5120206
Burkina Faso,Africa,1967,40.697,5.1279349999999995e-06,794.8265597
Burkina Faso,Africa,1972,43.591,5.433886e-06,854.7359763
Burkina Faso,Africa,1977,46.137,5.889574e-06,743.3870368
Burkina Faso,Africa,1982,48.122,6.634596e-06,807.1985855
Burkina Faso,Africa,1987,49.557,7.586551e-06,912.0631417
Burkina Faso,Africa,1992,50.26,8.878303000000001e-06,931.7527731
Burkina Faso,Africa,1997,50.324,1.0352843e-05,946.2949618
Burkina Faso,Africa,2002,50.65,1.2251209e-05,1037.645221
Burkina Faso,Africa,2007,52.295,1.4326203e-05,1217.032994
Burundi,Africa,1952,39.031,2.445618e-06,339.2964587
Burundi,Africa,1957,40.533,2.667518e-06,379.5646281
Burundi,Africa,1962,42.045,2.9619149999999997e-06,355.2032273
Burundi,Africa,1967,43.548,3.3309890000000003e-06,412.9775136
Burundi,Africa,1972,44.057,3.5299830000000002e-06,464.0995039
Burundi,Africa,1977,45.91,3.834415e-06,556.1032651
Burundi,Africa,1982,47.471,4.580409999999999e-06,559.603231
Burundi,Africa,1987,48.211,5.126023e-06,621.8188189
Burundi,Africa,1992,44.736,5.809236e-06,631.6998778
Burundi,Africa,1997,45.326,6.121610000000001e-06,463.1151478
Burundi,Africa,2002,47.36,7.021078e-06,446.4035126
Burundi,Africa,2007,49.58,8.390504999999999e-06,430.0706916
Cambodia,Asia,1952,39.417,4.693836e-06,368.4692856
Cambodia,Asia,1957,41.366,5.3225360000000004e-06,434.0383364
Cambodia,Asia,1962,43.415,6.083619e-06,496.9136476
Cambodia,Asia,1967,45.415,6.960066999999999e-06,523.4323142
Cambodia,Asia,1972,40.317,7.450606e-06,421.6240257
Cambodia,Asia,1977,31.22,6.978607e-06,524.9721832
Cambodia,Asia,1982,50.957,7.272485e-06,624.4754784
Cambodia,Asia,1987,53.914,8.371791e-06,683.8955732
Cambodia,Asia,1992,55.803,1.0150094e-05,682.3031755
Cambodia,Asia,1997,56.534,1.1782962e-05,734.28517
Cambodia,Asia,2002,56.752,1.2926707e-05,896.2260153
Cambodia,Asia,2007,59.723,1.4131858e-05,1713.778686
Cameroon,Africa,1952,38.523,5.009067e-06,1172.667655
Cameroon,Africa,1957,40.428,5.3599230000000006e-06,1313.048099
Cameroon,Africa,1962,42.643,5.793633e-06,1399.607441
Cameroon,Africa,1967,44.799,6.3355059999999995e-06,1508.453148
Cameroon,Africa,1972,47.049,7.021028e-06,1684.146528
Cameroon,Africa,1977,49.355,7.959864999999999e-06,1783.432873
Cameroon,Africa,1982,52.961,9.250831e-06,2367.983282
Cameroon,Africa,1987,54.985,1.0780667e-05,2602.664206
Cameroon,Africa,1992,54.314,1.2467171e-05,1793.163278
Cameroon,Africa,1997,52.199,1.4195809e-05,1694.337469
Cameroon,Africa,2002,49.856,1.5929988e-05,1934.011449
Cameroon,Africa,2007,50.43,1.7696293e-05,2042.09524
Canada,Americas,1952,68.75,1.4785584e-05,11367.16112
Canada,Americas,1957,69.96,1.7010154e-05,12489.95006
Canada,Americas,1962,71.3,1.8985849e-05,13462.48555
Canada,Americas,1967,72.13,2.0819767e-05,16076.58803
Canada,Americas,1972,72.88,2.22845e-05,18970.57086
Canada,Americas,1977,74.21,2.3796399999999998e-05,22090.88306
Canada,Americas,1982,75.76,2.52019e-05,22898.79214
Canada,Americas,1987,76.86,2.65497e-05,26626.51503
Canada,Americas,1992,77.95,2.8523502e-05,26342.88426
Canada,Americas,1997,78.61,3.0305842999999998e-05,28954.92589
Canada,Americas,2002,79.77,3.1902268e-05,33328.96507
Canada,Americas,2007,80.653,3.3390141e-05,36319.23501
Central African Republic,Africa,1952,35.463,1.2916950000000001e-06,1071.310713
Central African Republic,Africa,1957,37.464,1.392284e-06,1190.844328
Central African Republic,Africa,1962,39.475,1.5234780000000001e-06,1193.068753
Central African Republic,Africa,1967,41.478,1.733638e-06,1136.056615
Central African Republic,Africa,1972,43.457,1.92726e-06,1070.013275
Central African Republic,Africa,1977,46.775,2.1675330000000003e-06,1109.374338
Central African Republic,Africa,1982,48.295,2.476971e-06,956.7529907
Central African Republic,Africa,1987,50.485,2.840009e-06,844.8763504
Central African Republic,Africa,1992,49.396,3.265124e-06,747.9055252
Central African Republic,Africa,1997,46.066,3.696513e-06,740.5063317
Central African Republic,Africa,2002,43.308,4.048013e-06,738.6906068
Central African Republic,Africa,2007,44.741,4.369038e-06,706.016537
Chad,Africa,1952,38.092,2.682462e-06,1178.665927
Chad,Africa,1957,39.881,2.8948550000000003e-06,1308.495577
Chad,Africa,1962,41.716,3.150417e-06,1389.817618
Chad,Africa,1967,43.601,3.495967e-06,1196.810565
Chad,Africa,1972,45.569,3.8990680000000005e-06,1104.103987
Chad,Africa,1977,47.383,4.38826e-06,1133.98495
Chad,Africa,1982,49.517,4.875117999999999e-06,797.9081006
Chad,Africa,1987,51.051,5.498955e-06,952.386129
Chad,Africa,1992,51.724,6.429417e-06,1058.0643
Chad,Africa,1997,51.573,7.562011e-06,1004.961353
Chad,Africa,2002,50.525,8.835739e-06,1156.18186
Chad,Africa,2007,50.651,1.0238807e-05,1704.063724
Chile,Americas,1952,54.745,6.377619e-06,3939.978789
Chile,Americas,1957,56.074,7.0484260000000004e-06,4315.622723
Chile,Americas,1962,57.924,7.961258e-06,4519.094331
Chile,Americas,1967,60.523,8.858908e-06,5106.654313
Chile,Americas,1972,63.441,9.717523999999999e-06,5494.024437
Chile,Americas,1977,67.052,1.0599793e-05,4756.763836
Chile,Americas,1982,70.565,1.1487112e-05,5095.665738
Chile,Americas,1987,72.492,1.2463354e-05,5547.063754
Chile,Americas,1992,74.126,1.3572993999999999e-05,7596.125964
Chile,Americas,1997,75.816,1.4599929e-05,10118.05318
Chile,Americas,2002,77.86,1.5497046e-05,10778.78385
Chile,Americas,2007,78.553,1.6284741e-05,13171.63885
China,Asia,1952,44.0,0.0005562635269999999,400.448611
China,Asia,1957,50.54896,0.000637408,575.9870009
China,Asia,1962,44.50136,0.00066577,487.6740183
China,Asia,1967,58.38112,0.00075455,612.7056934
China,Asia,1972,63.11888,0.00086203,676.9000921
China,Asia,1977,63.96736,0.000943455,741.2374699
China,Asia,1982,65.525,0.001000281,962.4213805
China,Asia,1987,67.274,0.0010840350000000001,1378.904018
China,Asia,1992,68.69,0.00116497,1655.784158
China,Asia,1997,70.426,0.001230075,2289.234136
China,Asia,2002,72.028,0.0012804000000000001,3119.280896
China,Asia,2007,72.961,0.001318683096,4959.114854
Colombia,Americas,1952,50.643,1.2350771e-05,2144.115096
Colombia,Americas,1957,55.118,1.4485993e-05,2323.805581
Colombia,Americas,1962,57.863,1.7009885e-05,2492.351109
Colombia,Americas,1967,59.963,1.9764027e-05,2678.729839
Colombia,Americas,1972,61.623,2.254289e-05,3264.660041
Colombia,Americas,1977,63.837,2.5094411999999998e-05,3815.80787
Colombia,Americas,1982,66.653,2.7764644000000002e-05,4397.575659
Colombia,Americas,1987,67.768,3.0964245e-05,4903.2191
Colombia,Americas,1992,68.421,3.4202720999999994e-05,5444.648617
Colombia,Americas,1997,70.313,3.765783e-05,6117.361746
Colombia,Americas,2002,71.682,4.1008227e-05,5755.259962
Colombia,Americas,2007,72.889,4.422755e-05,7006.580419
Comoros,Africa,1952,40.715,1.5393599999999998e-07,1102.990936
Comoros,Africa,1957,42.46,1.70928e-07,1211.148548
Comoros,Africa,1962,44.467,1.91689e-07,1406.648278
Comoros,Africa,1967,46.472,2.1737799999999998e-07,1876.029643
Comoros,Africa,1972,48.944,2.50027e-07,1937.577675
Comoros,Africa,1977,50.939,3.04739e-07,1172.603047
Comoros,Africa,1982,52.933,3.48643e-07,1267.100083
Comoros,Africa,1987,54.926,3.95114e-07,1315.980812
Comoros,Africa,1992,57.939,4.5442900000000005e-07,1246.90737
Comoros,Africa,1997,60.66,5.27982e-07,1173.618235
Comoros,Africa,2002,62.974,6.14382e-07,1075.811558
Comoros,Africa,2007,65.152,7.1096e-07,986.1478792
"Congo, Dem. Rep.",Africa,1952,39.143,1.4100005e-05,780.5423257
"Congo, Dem. Rep.",Africa,1957,40.652,1.5577932e-05,905.8602303
"Congo, Dem. Rep.",Africa,1962,42.122,1.7486434e-05,896.3146335
"Congo, Dem. Rep.",Africa,1967,44.056,1.9941073e-05,861.5932424
"Congo, Dem. Rep.",Africa,1972,45.989,2.3007669e-05,904.8960685
"Congo, Dem. Rep.",Africa,1977,47.804,2.648087e-05,795.757282
"Congo, Dem. Rep.",Africa,1982,47.784,3.0646495e-05,673.7478181
"Congo, Dem. Rep.",Africa,1987,47.412,3.5481645e-05,672.774812
"Congo, Dem. Rep.",Africa,1992,45.548,4.1672143e-05,457.7191807
"Congo, Dem. Rep.",Africa,1997,42.587,4.7798986e-05,312.188423
"Congo, Dem. Rep.",Africa,2002,44.966,5.5379852e-05,241.1658765
"Congo, Dem. Rep.",Africa,2007,46.462,6.4606759e-05,277.5518587
"Congo, Rep.",Africa,1952,42.111,8.54885e-07,2125.621418
"Congo, Rep.",Africa,1957,45.053,9.40458e-07,2315.056572
"Congo, Rep.",Africa,1962,48.435,1.047924e-06,2464.783157
"Congo, Rep.",Africa,1967,52.04,1.1797599999999999e-06,2677.939642
"Congo, Rep.",Africa,1972,54.907,1.340458e-06,3213.152683
"Congo, Rep.",Africa,1977,55.625,1.536769e-06,3259.178978
"Congo, Rep.",Africa,1982,56.695,1.774735e-06,4879.507522
"Congo, Rep.",Africa,1987,57.47,2.064095e-06,4201.194937
"Congo, Rep.",Africa,1992,56.433,2.409073e-06,4016.239529
"Congo, Rep.",Africa,1997,52.962,2.800947e-06,3484.164376
"Congo, Rep.",Africa,2002,52.97,3.328795e-06,3484.06197
"Congo, Rep.",Africa,2007,55.322,3.80061e-06,3632.557798
Costa Rica,Americas,1952,57.206,9.26317e-07,2627.009471
Costa Rica,Americas,1957,60.026,1.1123000000000001e-06,2990.010802
Costa Rica,Americas,1962,62.842,1.345187e-06,3460.937025
Costa Rica,Americas,1967,65.424,1.588717e-06,4161.727834
Costa Rica,Americas,1972,67.849,1.834796e-06,5118.146939
Costa Rica,Americas,1977,70.75,2.108457e-06,5926.876967
Costa Rica,Americas,1982,73.45,2.424367e-06,5262.734751
Costa Rica,Americas,1987,74.752,2.799811e-06,5629.915318
Costa Rica,Americas,1992,75.713,3.173216e-06,6160.416317
Costa Rica,Americas,1997,77.26,3.5181070000000002e-06,6677.045314
Costa Rica,Americas,2002,78.123,3.834934e-06,7723.447195
Costa Rica,Americas,2007,78.782,4.133884e-06,9645.06142
Cote d'Ivoire,Africa,1952,40.477,2.977019e-06,1388.594732
Cote d'Ivoire,Africa,1957,42.469,3.2999999999999997e-06,1500.895925
Cote d'Ivoire,Africa,1962,44.93,3.832408e-06,1728.869428
Cote d'Ivoire,Africa,1967,47.35,4.74487e-06,2052.050473
Cote d'Ivoire,Africa,1972,49.801,6.0716960000000006e-06,2378.201111
Cote d'Ivoire,Africa,1977,52.374,7.459574e-06,2517.736547
Cote d'Ivoire,Africa,1982,53.983,9.025950999999999e-06,2602.710169
Cote d'Ivoire,Africa,1987,54.655,1.0761098e-05,2156.956069
Cote d'Ivoire,Africa,1992,52.044,1.2772596e-05,1648.073791
Cote d'Ivoire,Africa,1997,47.991,1.4625967e-05,1786.265407
Cote d'Ivoire,Africa,2002,46.832,1.6252726e-05,1648.800823
Cote d'Ivoire,Africa,2007,48.328,1.8013409e-05,1544.750112
Croatia,Europe,1952,61.21,3.882229e-06,3119.23652
Croatia,Europe,1957,64.77,3.991242e-06,4338.231617
Croatia,Europe,1962,67.13,4.076557e-06,5477.890018
Croatia,Europe,1967,68.5,4.174366e-06,6960.297861
Croatia,Europe,1972,69.61,4.225310000000001e-06,9164.090127
Croatia,Europe,1977,70.64,4.318673e-06,11305.38517
Croatia,Europe,1982,70.46,4.413368e-06,13221.82184
Croatia,Europe,1987,71.52,4.484309999999999e-06,13822.58394
Croatia,Europe,1992,72.527,4.494013e-06,8447.794873
Croatia,Europe,1997,73.68,4.444594999999999e-06,9875.604515
Croatia,Europe,2002,74.876,4.48102e-06,11628.38895
Croatia,Europe,2007,75.748,4.493312e-06,14619.22272
Cuba,Americas,1952,59.421,6.0077970000000004e-06,5586.53878
Cuba,Americas,1957,62.325,6.640752e-06,6092.174359
Cuba,Americas,1962,65.246,7.254373e-06,5180.75591
Cuba,Americas,1967,68.29,8.139332e-06,5690.268015
Cuba,Americas,1972,70.723,8.831348000000001e-06,5305.445256
Cuba,Americas,1977,72.649,9.537988e-06,6380.494966
Cuba,Americas,1982,73.717,9.789224e-06,7316.918107
Cuba,Americas,1987,74.174,1.0239839e-05,7532.924763
Cuba,Americas,1992,74.414,1.072326e-05,5592.843963
Cuba,Americas,1997,76.151,1.0983007e-05,5431.990415
Cuba,Americas,2002,77.158,1.1226999e-05,6340.646683
Cuba,Americas,2007,78.273,1.1416987e-05,8948.102923
Czech Republic,Europe,1952,66.87,9.125183e-06,6876.14025
Czech Republic,Europe,1957,69.03,9.513757999999999e-06,8256.343918
Czech Republic,Europe,1962,69.9,9.620281999999999e-06,10136.86713
Czech Republic,Europe,1967,70.38,9.835109e-06,11399.44489
Czech Republic,Europe,1972,70.29,9.862158e-06,13108.4536
Czech Republic,Europe,1977,70.71,1.0161915000000001e-05,14800.16062
Czech Republic,Europe,1982,70.96,1.0303704e-05,15377.22855
Czech Republic,Europe,1987,71.58,1.0311597000000001e-05,16310.4434
Czech Republic,Europe,1992,72.4,1.0315702e-05,14297.02122
Czech Republic,Europe,1997,74.01,1.0300706999999999e-05,16048.51424
Czech Republic,Europe,2002,75.51,1.0256295e-05,17596.21022
Czech Republic,Europe,2007,76.486,1.0228744000000001e-05,22833.30851
Denmark,Europe,1952,70.78,4.3339999999999995e-06,9692.385245
Denmark,Europe,1957,71.81,4.487831e-06,11099.65935
Denmark,Europe,1962,72.35,4.646899e-06,13583.31351
Denmark,Europe,1967,72.96,4.8388e-06,15937.21123
Denmark,Europe,1972,73.47,4.9915960000000005e-06,18866.20721
Denmark,Europe,1977,74.69,5.088419e-06,20422.9015
Denmark,Europe,1982,74.63,5.11781e-06,21688.04048
Denmark,Europe,1987,74.8,5.127023999999999e-06,25116.17581
Denmark,Europe,1992,75.33,5.171393e-06,26406.73985
Denmark,Europe,1997,76.11,5.2836629999999995e-06,29804.34567
Denmark,Europe,2002,77.18,5.3746929999999996e-06,32166.50006
Denmark,Europe,2007,78.332,5.46812e-06,35278.41874
Djibouti,Africa,1952,34.812,6.314899999999999e-08,2669.529475
Djibouti,Africa,1957,37.328,7.1851e-08,2864.969076
Djibouti,Africa,1962,39.693,8.9898e-08,3020.989263
Djibouti,Africa,1967,42.074,1.27617e-07,3020.050513
Djibouti,Africa,1972,44.366,1.7884800000000001e-07,3694.212352
Djibouti,Africa,1977,46.519,2.28694e-07,3081.761022
Djibouti,Africa,1982,48.812,3.0599100000000003e-07,2879.468067
Djibouti,Africa,1987,50.04,3.11025e-07,2880.102568
Djibouti,Africa,1992,51.604,3.84156e-07,2377.156192
Djibouti,Africa,1997,53.157,4.17908e-07,1895.016984
Djibouti,Africa,2002,53.373,4.4741599999999996e-07,1908.260867
Djibouti,Africa,2007,54.791,4.963739999999999e-07,2082.481567
Dominican Republic,Americas,1952,45.928,2.491346e-06,1397.717137
Dominican Republic,Americas,1957,49.828,2.923186e-06,1544.402995
Dominican Republic,Americas,1962,53.459,3.453434e-06,1662.137359
Dominican Republic,Americas,1967,56.751,4.049146000000001e-06,1653.723003
Dominican Republic,Americas,1972,59.631,4.671329e-06,2189.874499
Dominican Republic,Americas,1977,61.788,5.3028e-06,2681.9889
Dominican Republic,Americas,1982,63.727,5.968349e-06,2861.092386
Dominican Republic,Americas,1987,66.046,6.655297e-06,2899.842175
Dominican Republic,Americas,1992,68.457,7.3511810000000006e-06,3044.214214
Dominican Republic,Americas,1997,69.957,7.992357e-06,3614.101285
Dominican Republic,Americas,2002,70.847,8.650322e-06,4563.808154
Dominican Republic,Americas,2007,72.235,9.319622000000002e-06,6025.374752
Ecuador,Americas,1952,48.357,3.548753e-06,3522.110717
Ecuador,Americas,1957,51.356,4.058385000000001e-06,3780.546651
Ecuador,Americas,1962,54.64,4.681707e-06,4086.114078
Ecuador,Americas,1967,56.678,5.4324240000000005e-06,4579.074215
Ecuador,Americas,1972,58.796,6.2986510000000005e-06,5280.99471
Ecuador,Americas,1977,61.31,7.278866e-06,6679.62326
Ecuador,Americas,1982,64.342,8.36585e-06,7213.791267
Ecuador,Americas,1987,67.231,9.545158000000001e-06,6481.776993
Ecuador,Americas,1992,69.613,1.0748393999999999e-05,7103.702595
Ecuador,Americas,1997,72.312,1.1911818999999999e-05,7429.455877
Ecuador,Americas,2002,74.173,1.2921234e-05,5773.044512
Ecuador,Americas,2007,74.994,1.375568e-05,6873.262326
Egypt,Africa,1952,41.893,2.2223309e-05,1418.822445
Egypt,Africa,1957,44.444,2.5009741e-05,1458.915272
Egypt,Africa,1962,46.992,2.8173308999999998e-05,1693.335853
Egypt,Africa,1967,49.293,3.1681188e-05,1814.880728
Egypt,Africa,1972,51.137,3.4807417e-05,2024.008147
Egypt,Africa,1977,53.319,3.8783863e-05,2785.493582
Egypt,Africa,1982,56.006,4.5681811000000004e-05,3503.729636
Egypt,Africa,1987,59.797,5.2799062e-05,3885.46071
Egypt,Africa,1992,63.674,5.9402198e-05,3794.755195
Egypt,Africa,1997,67.217,6.6134291e-05,4173.181797
Egypt,Africa,2002,69.806,7.3312559e-05,4754.604414
Egypt,Africa,2007,71.338,8.0264543e-05,5581.180998
El Salvador,Americas,1952,45.262,2.042865e-06,3048.3029
El Salvador,Americas,1957,48.57,2.3558050000000003e-06,3421.523218
El Salvador,Americas,1962,52.307,2.747687e-06,3776.803627
El Salvador,Americas,1967,55.855,3.232927e-06,4358.595393
El Salvador,Americas,1972,58.207,3.7909030000000003e-06,4520.246008
El Salvador,Americas,1977,56.696,4.282586e-06,5138.922374
El Salvador,Americas,1982,56.604,4.474873e-06,4098.344175
El Salvador,Americas,1987,63.154,4.842194e-06,4140.442097
El Salvador,Americas,1992,66.798,5.274649e-06,4444.2317
El Salvador,Americas,1997,69.535,5.783439e-06,5154.825496
El Salvador,Americas,2002,70.734,6.3536809999999995e-06,5351.568666
El Salvador,Americas,2007,71.878,6.939688e-06,5728.353514
Equatorial Guinea,Africa,1952,34.482,2.1696399999999998e-07,375.6431231
Equatorial Guinea,Africa,1957,35.983,2.32922e-07,426.0964081
Equatorial Guinea,Africa,1962,37.485,2.4922e-07,582.8419714
Equatorial Guinea,Africa,1967,38.987,2.59864e-07,915.5960025
Equatorial Guinea,Africa,1972,40.516,2.77603e-07,672.4122571
Equatorial Guinea,Africa,1977,42.024,1.9267500000000002e-07,958.5668124
Equatorial Guinea,Africa,1982,43.662,2.8548299999999996e-07,927.8253427
Equatorial Guinea,Africa,1987,45.664,3.41244e-07,966.8968149
Equatorial Guinea,Africa,1992,47.545,3.87838e-07,1132.055034
Equatorial Guinea,Africa,1997,48.245,4.39971e-07,2814.480755
Equatorial Guinea,Africa,2002,49.348,4.95627e-07,7703.4959
Equatorial Guinea,Africa,2007,51.579,5.51201e-07,12154.08975
Eritrea,Africa,1952,35.928,1.43876e-06,328.9405571
Eritrea,Africa,1957,38.047,1.542611e-06,344.1618859
Eritrea,Africa,1962,40.158,1.666618e-06,380.9958433
Eritrea,Africa,1967,42.189,1.820319e-06,468.7949699
Eritrea,Africa,1972,44.142,2.2601870000000003e-06,514.3242082
Eritrea,Africa,1977,44.535,2.512642e-06,505.7538077
Eritrea,Africa,1982,43.89,2.637297e-06,524.8758493
Eritrea,Africa,1987,46.453,2.915959e-06,521.1341333
Eritrea,Africa,1992,49.991,3.6684399999999997e-06,582.8585102
Eritrea,Africa,1997,53.378,4.058319e-06,913.47079
Eritrea,Africa,2002,55.24,4.414865e-06,765.3500015
Eritrea,Africa,2007,58.04,4.9065849999999995e-06,641.3695236
Ethiopia,Africa,1952,34.078,2.0860941e-05,362.1462796
Ethiopia,Africa,1957,36.667,2.2815614e-05,378.9041632
Ethiopia,Africa,1962,40.059,2.5145371999999998e-05,419.4564161
Ethiopia,Africa,1967,42.115,2.7860297e-05,516.1186438
Ethiopia,Africa,1972,43.515,3.0770371999999996e-05,566.2439442
Ethiopia,Africa,1977,44.51,3.4617798999999996e-05,556.8083834
Ethiopia,Africa,1982,44.916,3.8111756e-05,577.8607471
Ethiopia,Africa,1987,46.684,4.299953e-05,573.7413142
Ethiopia,Africa,1992,48.091,5.2088558999999996e-05,421.3534653
Ethiopia,Africa,1997,49.402,5.9861301e-05,515.8894013
Ethiopia,Africa,2002,50.725,6.7946797e-05,530.0535319
Ethiopia,Africa,2007,52.947,7.6511887e-05,690.8055759
Finland,Europe,1952,66.55,4.090499999999999e-06,6424.519071
Finland,Europe,1957,67.49,4.324e-06,7545.415386
Finland,Europe,1962,68.75,4.491443e-06,9371.842561
Finland,Europe,1967,69.83,4.605743999999999e-06,10921.63626
Finland,Europe,1972,70.87,4.639657e-06,14358.8759
Finland,Europe,1977,72.52,4.738902e-06,15605.42283
Finland,Europe,1982,74.55,4.826933000000001e-06,18533.15761
Finland,Europe,1987,74.83,4.931729e-06,21141.01223
Finland,Europe,1992,75.7,5.041039e-06,20647.16499
Finland,Europe,1997,77.13,5.134406e-06,23723.9502
Finland,Europe,2002,78.37,5.193039e-06,28204.59057
Finland,Europe,2007,79.313,5.23846e-06,33207.0844
France,Europe,1952,67.41,4.2459667000000006e-05,7029.809327
France,Europe,1957,68.93,4.4310862999999995e-05,8662.834898
France,Europe,1962,70.51,4.7124000000000005e-05,10560.48553
France,Europe,1967,71.55,4.9569e-05,12999.91766
France,Europe,1972,72.38,5.1732e-05,16107.19171
France,Europe,1977,73.83,5.3165019e-05,18292.63514
France,Europe,1982,74.89,5.4433565000000004e-05,20293.89746
France,Europe,1987,76.34,5.56301e-05,22066.44214
France,Europe,1992,77.46,5.7374179e-05,24703.79615
France,Europe,1997,78.64,5.8623427999999995e-05,25889.78487
France,Europe,2002,79.59,5.9925035e-05,28926.03234
France,Europe,2007,80.657,6.1083916e-05,30470.0167
Gabon,Africa,1952,37.003,4.20702e-07,4293.476475
Gabon,Africa,1957,38.999,4.34904e-07,4976.198099
Gabon,Africa,1962,40.489,4.5566099999999997e-07,6631.459222
Gabon,Africa,1967,44.598,4.89004e-07,8358.761987
Gabon,Africa,1972,48.69,5.379770000000001e-07,11401.94841
Gabon,Africa,1977,52.79,7.06367e-07,21745.57328
Gabon,Africa,1982,56.564,7.53874e-07,15113.36194
Gabon,Africa,1987,60.19,8.80397e-07,11864.40844
Gabon,Africa,1992,61.366,9.85739e-07,13522.15752
Gabon,Africa,1997,60.461,1.126189e-06,14722.84188
Gabon,Africa,2002,56.761,1.299304e-06,12521.71392
Gabon,Africa,2007,56.735,1.454867e-06,13206.48452
Gambia,Africa,1952,30.0,2.8432e-07,485.2306591
Gambia,Africa,1957,32.065,3.2315e-07,520.9267111
Gambia,Africa,1962,33.896,3.7402e-07,599.650276
Gambia,Africa,1967,35.857,4.39593e-07,734.7829124
Gambia,Africa,1972,38.308,5.17101e-07,756.0868363
Gambia,Africa,1977,41.842,6.08274e-07,884.7552507
Gambia,Africa,1982,45.58,7.15523e-07,835.8096108
Gambia,Africa,1987,49.265,8.48406e-07,611.6588611
Gambia,Africa,1992,52.644,1.0253840000000002e-06,665.6244126
Gambia,Africa,1997,55.861,1.235767e-06,653.7301704
Gambia,Africa,2002,58.041,1.457766e-06,660.5855997
Gambia,Africa,2007,59.448,1.688359e-06,752.7497265
Germany,Europe,1952,67.5,6.9145952e-05,7144.114393
Germany,Europe,1957,69.1,7.1019069e-05,10187.82665
Germany,Europe,1962,70.3,7.373911699999999e-05,12902.46291
Germany,Europe,1967,70.8,7.6368453e-05,14745.62561
Germany,Europe,1972,71.0,7.8717088e-05,18016.18027
Germany,Europe,1977,72.5,7.816077300000001e-05,20512.92123
Germany,Europe,1982,73.8,7.833526600000001e-05,22031.53274
Germany,Europe,1987,74.847,7.7718298e-05,24639.18566
Germany,Europe,1992,76.07,8.0597764e-05,26505.30317
Germany,Europe,1997,77.34,8.201107299999999e-05,27788.88416
Germany,Europe,2002,78.67,8.235067100000001e-05,30035.80198
Germany,Europe,2007,79.406,8.2400996e-05,32170.37442
Ghana,Africa,1952,43.149,5.581001e-06,911.2989371
Ghana,Africa,1957,44.779,6.391288000000001e-06,1043.561537
Ghana,Africa,1962,46.452,7.355248e-06,1190.041118
Ghana,Africa,1967,48.072,8.490213000000001e-06,1125.69716
Ghana,Africa,1972,49.875,9.35412e-06,1178.223708
Ghana,Africa,1977,51.756,1.0538092999999999e-05,993.2239571
Ghana,Africa,1982,53.744,1.1400337999999999e-05,876.032569
Ghana,Africa,1987,55.729,1.4168101e-05,847.0061135
Ghana,Africa,1992,57.501,1.6278738e-05,925.060154
Ghana,Africa,1997,58.556,1.8418288e-05,1005.245812
Ghana,Africa,2002,58.453,2.0550751000000002e-05,1111.984578
Ghana,Africa,2007,60.022,2.2873338e-05,1327.60891
Greece,Europe,1952,65.86,7.73325e-06,3530.690067
Greece,Europe,1957,67.86,8.096218e-06,4916.299889
Greece,Europe,1962,69.51,8.448233e-06,6017.190733
Greece,Europe,1967,71.0,8.716440999999999e-06,8513.097016
Greece,Europe,1972,72.34,8.888628e-06,12724.82957
Greece,Europe,1977,73.68,9.308479e-06,14195.52428
Greece,Europe,1982,75.24,9.786479999999999e-06,15268.42089
Greece,Europe,1987,76.67,9.97449e-06,16120.52839
Greece,Europe,1992,77.03,1.0325429e-05,17541.49634
Greece,Europe,1997,77.869,1.0502372e-05,18747.69814
Greece,Europe,2002,78.256,1.0603863e-05,22514.2548
Greece,Europe,2007,79.483,1.0706289999999999e-05,27538.41188
Guatemala,Americas,1952,42.023,3.1463809999999998e-06,2428.237769
Guatemala,Americas,1957,44.142,3.640876e-06,2617.155967
Guatemala,Americas,1962,46.954,4.208858000000001e-06,2750.364446
Guatemala,Americas,1967,50.016,4.690773e-06,3242.531147
Guatemala,Americas,1972,53.738,5.149581e-06,4031.408271
Guatemala,Americas,1977,56.029,5.70343e-06,4879.992748
Guatemala,Americas,1982,58.137,6.39563e-06,4820.49479
Guatemala,Americas,1987,60.782,7.3264060000000004e-06,4246.485974
Guatemala,Americas,1992,63.373,8.486948999999999e-06,4439.45084
Guatemala,Americas,1997,66.322,9.803875e-06,4684.313807
Guatemala,Americas,2002,68.978,1.117865e-05,4858.347495
Guatemala,Americas,2007,70.259,1.2572928e-05,5186.050003
Guinea,Africa,1952,33.609,2.6642489999999997e-06,510.1964923
Guinea,Africa,1957,34.558,2.8767260000000002e-06,576.2670245
Guinea,Africa,1962,35.753,3.1400030000000003e-06,686.3736739
Guinea,Africa,1967,37.197,3.4514179999999998e-06,708.7595409
Guinea,Africa,1972,38.842,3.811387e-06,741.6662307
Guinea,Africa,1977,40.762,4.227026000000001e-06,874.6858643
Guinea,Africa,1982,42.891,4.710497e-06,857.2503577
Guinea,Africa,1987,45.552,5.650261999999999e-06,805.5724718
Guinea,Africa,1992,48.576,6.990573999999999e-06,794.3484384
Guinea,Africa,1997,51.455,8.048834e-06,869.4497668
Guinea,Africa,2002,53.676,8.807818e-06,945.5835837
Guinea,Africa,2007,56.007,9.947814e-06,942.6542111
Guinea-Bissau,Africa,1952,32.5,5.80653e-07,299.850319
Guinea-Bissau,Africa,1957,33.489,6.01095e-07,431.7904566
Guinea-Bissau,Africa,1962,34.488,6.278200000000001e-07,522.0343725
Guinea-Bissau,Africa,1967,35.492,6.01287e-07,715.5806402
Guinea-Bissau,Africa,1972,36.486,6.25361e-07,820.2245876
Guinea-Bissau,Africa,1977,37.465,7.45228e-07,764.7259628
Guinea-Bissau,Africa,1982,39.327,8.259870000000001e-07,838.1239671
Guinea-Bissau,Africa,1987,41.245,9.27524e-07,736.4153921
Guinea-Bissau,Africa,1992,43.266,1.050938e-06,745.5398706
Guinea-Bissau,Africa,1997,44.873,1.193708e-06,796.6644681
Guinea-Bissau,Africa,2002,45.504,1.332459e-06,575.7047176
Guinea-Bissau,Africa,2007,46.388,1.472041e-06,579.231743
Haiti,Americas,1952,37.579,3.201488e-06,1840.366939
Haiti,Americas,1957,40.696,3.507701e-06,1726.887882
Haiti,Americas,1962,43.59,3.88013e-06,1796.589032
Haiti,Americas,1967,46.243,4.318137e-06,1452.057666
Haiti,Americas,1972,48.042,4.698301e-06,1654.456946
Haiti,Americas,1977,49.923,4.908554e-06,1874.298931
Haiti,Americas,1982,51.461,5.198399e-06,2011.159549
Haiti,Americas,1987,53.636,5.756203e-06,1823.015995
Haiti,Americas,1992,55.089,6.326682e-06,1456.309517
Haiti,Americas,1997,56.671,6.913545e-06,1341.726931
Haiti,Americas,2002,58.137,7.607650999999999e-06,1270.364932
Haiti,Americas,2007,60.916,8.502814000000001e-06,1201.637154
Honduras,Americas,1952,41.912,1.5174529999999998e-06,2194.926204
Honduras,Americas,1957,44.665,1.77039e-06,2220.487682
Honduras,Americas,1962,48.041,2.0901619999999997e-06,2291.156835
Honduras,Americas,1967,50.924,2.500689e-06,2538.269358
Honduras,Americas,1972,53.884,2.9651459999999998e-06,2529.842345
Honduras,Americas,1977,57.402,3.0552350000000003e-06,3203.208066
Honduras,Americas,1982,60.909,3.669448e-06,3121.760794
Honduras,Americas,1987,64.492,4.372203e-06,3023.096699
Honduras,Americas,1992,66.399,5.077347e-06,3081.694603
Honduras,Americas,1997,67.659,5.8679569999999994e-06,3160.454906
Honduras,Americas,2002,68.565,6.677328e-06,3099.72866
Honduras,Americas,2007,70.198,7.483763e-06,3548.330846
"Hong Kong, China",Asia,1952,60.96,2.1259000000000003e-06,3054.421209
"Hong Kong, China",Asia,1957,64.75,2.7363e-06,3629.076457
"Hong Kong, China",Asia,1962,67.65,3.3052e-06,4692.648272
"Hong Kong, China",Asia,1967,70.0,3.7227999999999997e-06,6197.962814
"Hong Kong, China",Asia,1972,72.0,4.1157e-06,8315.928145
"Hong Kong, China",Asia,1977,73.6,4.583700000000001e-06,11186.14125
"Hong Kong, China",Asia,1982,75.45,5.2645e-06,14560.53051
"Hong Kong, China",Asia,1987,76.2,5.5845099999999995e-06,20038.47269
"Hong Kong, China",Asia,1992,77.601,5.829696e-06,24757.60301
"Hong Kong, China",Asia,1997,80.0,6.495918e-06,28377.63219
"Hong Kong, China",Asia,2002,81.495,6.762476e-06,30209.01516
"Hong Kong, China",Asia,2007,82.208,6.9804120000000004e-06,39724.97867
Hungary,Europe,1952,64.03,9.503999999999999e-06,5263.673816
Hungary,Europe,1957,66.41,9.839e-06,6040.180011
Hungary,Europe,1962,67.96,1.0063e-05,7550.359877
Hungary,Europe,1967,69.5,1.0223422e-05,9326.64467
Hungary,Europe,1972,69.76,1.0394091e-05,10168.65611
Hungary,Europe,1977,69.95,1.0637171000000001e-05,11674.83737
Hungary,Europe,1982,69.39,1.0705535e-05,12545.99066
Hungary,Europe,1987,69.58,1.061274e-05,12986.47998
Hungary,Europe,1992,69.17,1.0348684000000001e-05,10535.62855
Hungary,Europe,1997,71.04,1.0244684e-05,11712.7768
Hungary,Europe,2002,72.59,1.0083313000000001e-05,14843.93556
Hungary,Europe,2007,73.338,9.956108e-06,18008.94444
Iceland,Europe,1952,72.49,1.47962e-07,7267.688428
Iceland,Europe,1957,73.47,1.6511e-07,9244.001412
Iceland,Europe,1962,73.68,1.82053e-07,10350.15906
Iceland,Europe,1967,73.73,1.98676e-07,13319.89568
Iceland,Europe,1972,74.46,2.09275e-07,15798.06362
Iceland,Europe,1977,76.11,2.21823e-07,19654.96247
Iceland,Europe,1982,76.99,2.33997e-07,23269.6075
Iceland,Europe,1987,77.23,2.44676e-07,26923.20628
Iceland,Europe,1992,78.77,2.5901200000000004e-07,25144.39201
Iceland,Europe,1997,78.95,2.71192e-07,28061.09966
Iceland,Europe,2002,80.5,2.8803e-07,31163.20196
Iceland,Europe,2007,81.757,3.01931e-07,36180.78919
India,Asia,1952,37.373,0.000372,546.5657493
India,Asia,1957,40.249,0.000409,590.061996
India,Asia,1962,43.605,0.000454,658.3471509
India,Asia,1967,47.193,0.000506,700.7706107
India,Asia,1972,50.651,0.000567,724.032527
India,Asia,1977,54.208,0.000634,813.337323
India,Asia,1982,56.596,0.000708,855.7235377
India,Asia,1987,58.553,0.000788,976.5126756
India,Asia,1992,60.223,0.000872,1164.406809
India,Asia,1997,61.765,0.000959,1458.817442
India,Asia,2002,62.879,0.0010341725469999999,1746.769454
India,Asia,2007,64.698,0.001110396331,2452.210407
Indonesia,Asia,1952,37.468,8.2052e-05,749.6816546
Indonesia,Asia,1957,39.918,9.012399999999999e-05,858.9002707
Indonesia,Asia,1962,42.518,9.9028e-05,849.2897701
Indonesia,Asia,1967,45.964,0.000109343,762.4317721
Indonesia,Asia,1972,49.203,0.000121282,1111.107907
Indonesia,Asia,1977,52.702,0.000136725,1382.702056
Indonesia,Asia,1982,56.159,0.00015334299999999999,1516.872988
Indonesia,Asia,1987,60.137,0.00016927600000000002,1748.356961
Indonesia,Asia,1992,62.681,0.000184816,2383.140898
Indonesia,Asia,1997,66.041,0.000199278,3119.335603
Indonesia,Asia,2002,68.588,0.00021106,2873.91287
Indonesia,Asia,2007,70.65,0.000223547,3540.651564
Iran,Asia,1952,44.869,1.7272e-05,3035.326002
Iran,Asia,1957,47.181,1.9792000000000003e-05,3290.257643
Iran,Asia,1962,49.325,2.2873999999999998e-05,4187.329802
Iran,Asia,1967,52.469,2.6538e-05,5906.731805
Iran,Asia,1972,55.234,3.0614e-05,9613.818607
Iran,Asia,1977,57.702,3.5480679e-05,11888.59508
Iran,Asia,1982,59.62,4.3072751e-05,7608.334602
Iran,Asia,1987,63.04,5.1889696e-05,6642.881371
Iran,Asia,1992,65.742,6.0397973e-05,7235.653188
Iran,Asia,1997,68.042,6.3327987e-05,8263.590301
Iran,Asia,2002,69.451,6.6907826e-05,9240.761975
Iran,Asia,2007,70.964,6.945357e-05,11605.71449
Iraq,Asia,1952,45.32,5.4417660000000005e-06,4129.766056
Iraq,Asia,1957,48.437,6.248643000000001e-06,6229.333562
Iraq,Asia,1962,51.457,7.2402600000000005e-06,8341.737815
Iraq,Asia,1967,54.459,8.519282e-06,8931.459811
Iraq,Asia,1972,56.95,1.0061506e-05,9576.037596
Iraq,Asia,1977,60.413,1.1882916e-05,14688.23507
Iraq,Asia,1982,62.038,1.4173318e-05,14517.90711
Iraq,Asia,1987,65.044,1.6543189e-05,11643.57268
Iraq,Asia,1992,59.461,1.7861905e-05,3745.640687
Iraq,Asia,1997,58.811,2.0775703e-05,3076.239795
Iraq,Asia,2002,57.046,2.4001816e-05,4390.717312
Iraq,Asia,2007,59.545,2.7499638e-05,4471.061906
Ireland,Europe,1952,66.91,2.952156e-06,5210.280328
Ireland,Europe,1957,68.9,2.87822e-06,5599.077872
Ireland,Europe,1962,70.29,2.83e-06,6631.597314
Ireland,Europe,1967,71.08,2.9001e-06,7655.568963
Ireland,Europe,1972,71.28,3.0244e-06,9530.772896
Ireland,Europe,1977,72.03,3.2719e-06,11150.98113
Ireland,Europe,1982,73.1,3.48e-06,12618.32141
Ireland,Europe,1987,74.36,3.5398999999999998e-06,13872.86652
Ireland,Europe,1992,75.467,3.557761e-06,17558.81555
Ireland,Europe,1997,76.122,3.667233e-06,24521.94713
Ireland,Europe,2002,77.783,3.879155e-06,34077.04939
Ireland,Europe,2007,78.885,4.109085999999999e-06,40675.99635
Israel,Asia,1952,65.39,1.620914e-06,4086.522128
Israel,Asia,1957,67.84,1.944401e-06,5385.278451
Israel,Asia,1962,69.39,2.310904e-06,7105.630706
Israel,Asia,1967,70.75,2.693585e-06,8393.741404
Israel,Asia,1972,71.63,3.095893e-06,12786.93223
Israel,Asia,1977,73.06,3.495918e-06,13306.61921
Israel,Asia,1982,74.45,3.858421e-06,15367.0292
Israel,Asia,1987,75.6,4.203147999999999e-06,17122.47986
Israel,Asia,1992,76.93,4.93655e-06,18051.52254
Israel,Asia,1997,78.269,5.5313869999999995e-06,20896.60924
Israel,Asia,2002,79.696,6.029529e-06,21905.59514
Israel,Asia,2007,80.745,6.426679e-06,25523.2771
Italy,Europe,1952,65.94,4.7665999999999994e-05,4931.404155
Italy,Europe,1957,67.81,4.9182000000000004e-05,6248.656232
Italy,Europe,1962,69.24,5.08432e-05,8243.58234
Italy,Europe,1967,71.06,5.2667099999999996e-05,10022.40131
Italy,Europe,1972,72.19,5.4365564e-05,12269.27378
Italy,Europe,1977,73.48,5.6059244999999997e-05,14255.98475
Italy,Europe,1982,74.98,5.6535636e-05,16537.4835
Italy,Europe,1987,76.42,5.6729703e-05,19207.23482
Italy,Europe,1992,77.44,5.6840846999999995e-05,22013.64486
Italy,Europe,1997,78.82,5.7479469e-05,24675.02446
Italy,Europe,2002,80.24,5.7926999e-05,27968.09817
Italy,Europe,2007,80.546,5.8147733e-05,28569.7197
Jamaica,Americas,1952,58.53,1.4260949999999999e-06,2898.530881
Jamaica,Americas,1957,62.61,1.53509e-06,4756.525781
Jamaica,Americas,1962,65.61,1.6651279999999999e-06,5246.107524
Jamaica,Americas,1967,67.51,1.8610960000000002e-06,6124.703451
Jamaica,Americas,1972,69.0,1.997616e-06,7433.889293
Jamaica,Americas,1977,70.11,2.156814e-06,6650.195573
Jamaica,Americas,1982,71.21,2.298309e-06,6068.05135
Jamaica,Americas,1987,71.77,2.326606e-06,6351.237495
Jamaica,Americas,1992,71.766,2.378618e-06,7404.923685
Jamaica,Americas,1997,72.262,2.531311e-06,7121.924704
Jamaica,Americas,2002,72.047,2.664659e-06,6994.774861
Jamaica,Americas,2007,72.567,2.780132e-06,7320.880262
Japan,Asia,1952,63.03,8.6459025e-05,3216.956347
Japan,Asia,1957,65.5,9.1563009e-05,4317.694365
Japan,Asia,1962,68.73,9.5831757e-05,6576.649461
Japan,Asia,1967,71.43,0.000100825279,9847.788607
Japan,Asia,1972,73.42,0.000107188273,14778.78636
Japan,Asia,1977,75.38,0.000113872473,16610.37701
Japan,Asia,1982,77.11,0.00011845497400000001,19384.10571
Japan,Asia,1987,78.67,0.000122091325,22375.94189
Japan,Asia,1992,79.36,0.000124329269,26824.89511
Japan,Asia,1997,80.69,0.000125956499,28816.58499
Japan,Asia,2002,82.0,0.00012706584100000002,28604.5919
Japan,Asia,2007,82.603,0.000127467972,31656.06806
Jordan,Asia,1952,43.158,6.07914e-07,1546.907807
Jordan,Asia,1957,45.669,7.46559e-07,1886.080591
Jordan,Asia,1962,48.126,9.33559e-07,2348.009158
Jordan,Asia,1967,51.629,1.255058e-06,2741.796252
Jordan,Asia,1972,56.528,1.613551e-06,2110.856309
Jordan,Asia,1977,61.134,1.937652e-06,2852.351568
Jordan,Asia,1982,63.739,2.347031e-06,4161.415959
Jordan,Asia,1987,65.869,2.820042e-06,4448.679912
Jordan,Asia,1992,68.015,3.867409e-06,3431.593647
Jordan,Asia,1997,69.772,4.526235e-06,3645.379572
Jordan,Asia,2002,71.263,5.30747e-06,3844.917194
Jordan,Asia,2007,72.535,6.053193e-06,4519.461171
Kenya,Africa,1952,42.27,6.4640459999999994e-06,853.540919
Kenya,Africa,1957,44.686,7.454779e-06,944.4383152
Kenya,Africa,1962,47.949,8.678557e-06,896.9663732
Kenya,Africa,1967,50.654,1.0191512e-05,1056.736457
Kenya,Africa,1972,53.559,1.2044785e-05,1222.359968
Kenya,Africa,1977,56.155,1.4500404e-05,1267.613204
Kenya,Africa,1982,58.766,1.7661452000000002e-05,1348.225791
Kenya,Africa,1987,59.339,2.1198082e-05,1361.936856
Kenya,Africa,1992,59.285,2.5020539e-05,1341.921721
Kenya,Africa,1997,54.407,2.8263827e-05,1360.485021
Kenya,Africa,2002,50.992,3.1386842000000004e-05,1287.514732
Kenya,Africa,2007,54.11,3.5610177e-05,1463.249282
"Korea, Dem. Rep.",Asia,1952,50.056,8.865487999999999e-06,1088.277758
"Korea, Dem. Rep.",Asia,1957,54.081,9.411381e-06,1571.134655
"Korea, Dem. Rep.",Asia,1962,56.656,1.0917494e-05,1621.693598
"Korea, Dem. Rep.",Asia,1967,59.942,1.2617009e-05,2143.540609
"Korea, Dem. Rep.",Asia,1972,63.983,1.4781240999999999e-05,3701.621503
"Korea, Dem. Rep.",Asia,1977,67.159,1.6325320000000002e-05,4106.301249
"Korea, Dem. Rep.",Asia,1982,69.1,1.7647518000000003e-05,4106.525293
"Korea, Dem. Rep.",Asia,1987,70.647,1.9067554e-05,4106.492315
"Korea, Dem. Rep.",Asia,1992,69.978,2.0711375e-05,3726.063507
"Korea, Dem. Rep.",Asia,1997,67.727,2.1585104999999998e-05,1690.756814
"Korea, Dem. Rep.",Asia,2002,66.662,2.2215365e-05,1646.758151
"Korea, Dem. Rep.",Asia,2007,67.297,2.3301725000000003e-05,1593.06548
"Korea, Rep.",Asia,1952,47.453,2.0947571e-05,1030.592226
"Korea, Rep.",Asia,1957,52.681,2.2611552e-05,1487.593537
"Korea, Rep.",Asia,1962,55.292,2.6420307e-05,1536.344387
"Korea, Rep.",Asia,1967,57.716,3.0131e-05,2029.228142
"Korea, Rep.",Asia,1972,62.612,3.3505000000000005e-05,3030.87665
"Korea, Rep.",Asia,1977,64.766,3.6436e-05,4657.22102
"Korea, Rep.",Asia,1982,67.123,3.9326e-05,5622.942464
"Korea, Rep.",Asia,1987,69.81,4.1622e-05,8533.088805
"Korea, Rep.",Asia,1992,72.244,4.380545e-05,12104.27872
"Korea, Rep.",Asia,1997,74.647,4.6173816000000005e-05,15993.52796
"Korea, Rep.",Asia,2002,77.045,4.796915e-05,19233.98818
"Korea, Rep.",Asia,2007,78.623,4.904479e-05,23348.13973
Kuwait,Asia,1952,55.565,1.6e-07,108382.3529
Kuwait,Asia,1957,58.033,2.12846e-07,113523.1329
Kuwait,Asia,1962,60.47,3.58266e-07,95458.11176
Kuwait,Asia,1967,64.624,5.750030000000001e-07,80894.88326
Kuwait,Asia,1972,67.712,8.419339999999999e-07,109347.867
Kuwait,Asia,1977,69.343,1.140357e-06,59265.47714
Kuwait,Asia,1982,71.309,1.4974940000000001e-06,31354.03573
Kuwait,Asia,1987,74.174,1.8914869999999999e-06,28118.42998
Kuwait,Asia,1992,75.19,1.418095e-06,34932.91959
Kuwait,Asia,1997,76.156,1.765345e-06,40300.61996
Kuwait,Asia,2002,76.904,2.1115610000000002e-06,35110.10566
Kuwait,Asia,2007,77.588,2.5055589999999997e-06,47306.98978
Lebanon,Asia,1952,55.928,1.439529e-06,4834.804067
Lebanon,Asia,1957,59.489,1.647412e-06,6089.786934
Lebanon,Asia,1962,62.094,1.8868480000000001e-06,5714.560611
Lebanon,Asia,1967,63.87,2.186894e-06,6006.983042
Lebanon,Asia,1972,65.421,2.680018e-06,7486.384341
Lebanon,Asia,1977,66.099,3.115787e-06,8659.696836
Lebanon,Asia,1982,66.983,3.0868760000000002e-06,7640.519521
Lebanon,Asia,1987,67.926,3.089353e-06,5377.091329
Lebanon,Asia,1992,69.292,3.219994e-06,6890.806854
Lebanon,Asia,1997,70.265,3.4303880000000003e-06,8754.96385
Lebanon,Asia,2002,71.028,3.6777799999999996e-06,9313.93883
Lebanon,Asia,2007,71.993,3.921278e-06,10461.05868
Lesotho,Africa,1952,42.138,7.487470000000001e-07,298.8462121
Lesotho,Africa,1957,45.047,8.13338e-07,335.9971151
Lesotho,Africa,1962,47.747,8.93143e-07,411.8006266
Lesotho,Africa,1967,48.492,9.9638e-07,498.6390265
Lesotho,Africa,1972,49.767,1.1167789999999999e-06,496.5815922
Lesotho,Africa,1977,52.208,1.251524e-06,745.3695408
Lesotho,Africa,1982,55.078,1.411807e-06,797.2631074
Lesotho,Africa,1987,57.18,1.5991999999999999e-06,773.9932141
Lesotho,Africa,1992,59.685,1.803195e-06,977.4862725
Lesotho,Africa,1997,55.558,1.982823e-06,1186.147994
Lesotho,Africa,2002,44.593,2.0467719999999997e-06,1275.184575
Lesotho,Africa,2007,42.592,2.0126490000000003e-06,1569.331442
Liberia,Africa,1952,38.48,8.63308e-07,575.5729961
Liberia,Africa,1957,39.486,9.7595e-07,620.9699901
Liberia,Africa,1962,40.502,1.1127959999999998e-06,634.1951625
Liberia,Africa,1967,41.536,1.2794060000000001e-06,713.6036483
Liberia,Africa,1972,42.614,1.4826280000000001e-06,803.0054535
Liberia,Africa,1977,43.764,1.703617e-06,640.3224383
Liberia,Africa,1982,44.852,1.956875e-06,572.1995694
Liberia,Africa,1987,46.027,2.2694139999999998e-06,506.1138573
Liberia,Africa,1992,40.802,1.912974e-06,636.6229191
Liberia,Africa,1997,42.221,2.200725e-06,609.1739508
Liberia,Africa,2002,43.753,2.814651e-06,531.4823679
Liberia,Africa,2007,45.678,3.193942e-06,414.5073415
Libya,Africa,1952,42.723,1.0197290000000001e-06,2387.54806
Libya,Africa,1957,45.289,1.201578e-06,3448.284395
Libya,Africa,1962,47.808,1.441863e-06,6757.030816
Libya,Africa,1967,50.227,1.7592239999999998e-06,18772.75169
Libya,Africa,1972,52.773,2.183877e-06,21011.49721
Libya,Africa,1977,57.442,2.7217829999999997e-06,21951.21176
Libya,Africa,1982,62.155,3.344074e-06,17364.27538
Libya,Africa,1987,66.234,3.7998449999999998e-06,11770.5898
Libya,Africa,1992,68.755,4.364501e-06,9640.138501
Libya,Africa,1997,71.555,4.75967e-06,9467.446056
Libya,Africa,2002,72.737,5.368585e-06,9534.677467
Libya,Africa,2007,73.952,6.0369140000000006e-06,12057.49928
Madagascar,Africa,1952,36.681,4.762912e-06,1443.011715
Madagascar,Africa,1957,38.865,5.181679e-06,1589.20275
Madagascar,Africa,1962,40.848,5.703324e-06,1643.38711
Madagascar,Africa,1967,42.881,6.334556e-06,1634.047282
Madagascar,Africa,1972,44.851,7.08243e-06,1748.562982
Madagascar,Africa,1977,46.881,8.007166e-06,1544.228586
Madagascar,Africa,1982,48.969,9.171476999999999e-06,1302.878658
Madagascar,Africa,1987,49.35,1.0568642e-05,1155.441948
Madagascar,Africa,1992,52.214,1.2210395e-05,1040.67619
Madagascar,Africa,1997,54.978,1.4165114000000001e-05,986.2958956
Madagascar,Africa,2002,57.286,1.6473476999999998e-05,894.6370822
Madagascar,Africa,2007,59.443,1.9167654e-05,1044.770126
Malawi,Africa,1952,36.256,2.917802e-06,369.1650802
Malawi,Africa,1957,37.207,3.221238e-06,416.3698064
Malawi,Africa,1962,38.41,3.6286079999999997e-06,427.9010856
Malawi,Africa,1967,39.487,4.147252e-06,495.5147806
Malawi,Africa,1972,41.766,4.730997e-06,584.6219709
Malawi,Africa,1977,43.767,5.637246e-06,663.2236766
Malawi,Africa,1982,45.642,6.502825e-06,632.8039209
Malawi,Africa,1987,47.457,7.824747e-06,635.5173634
Malawi,Africa,1992,49.42,1.0014248999999999e-05,563.2000145
Malawi,Africa,1997,47.495,1.0419990999999999e-05,692.2758103
Malawi,Africa,2002,45.009,1.1824495000000001e-05,665.4231186
Malawi,Africa,2007,48.303,1.3327078999999999e-05,759.3499101
Malaysia,Asia,1952,48.463,6.7483779999999994e-06,1831.132894
Malaysia,Asia,1957,52.102,7.739235e-06,1810.066992
Malaysia,Asia,1962,55.737,8.906385e-06,2036.884944
Malaysia,Asia,1967,59.371,1.0154878e-05,2277.742396
Malaysia,Asia,1972,63.01,1.1441462e-05,2849.09478
Malaysia,Asia,1977,65.256,1.2845381e-05,3827.921571
Malaysia,Asia,1982,68.0,1.4441916e-05,4920.355951
Malaysia,Asia,1987,69.5,1.6331785e-05,5249.802653
Malaysia,Asia,1992,70.693,1.8319502e-05,7277.912802
Malaysia,Asia,1997,71.938,2.0476091e-05,10132.90964
Malaysia,Asia,2002,73.044,2.2662365000000003e-05,10206.97794
Malaysia,Asia,2007,74.241,2.4821286e-05,12451.6558
Mali,Africa,1952,33.685,3.838168e-06,452.3369807
Mali,Africa,1957,35.307,4.2418839999999996e-06,490.3821867
Mali,Africa,1962,36.936,4.690372e-06,496.1743428
Mali,Africa,1967,38.487,5.212416e-06,545.0098873
Mali,Africa,1972,39.977,5.8281580000000005e-06,581.3688761
Mali,Africa,1977,41.714,6.491649e-06,686.3952693
Mali,Africa,1982,43.916,6.998255999999999e-06,618.0140641
Mali,Africa,1987,46.364,7.634008e-06,684.1715576
Mali,Africa,1992,48.388,8.416214999999998e-06,739.014375
Mali,Africa,1997,49.903,9.384983999999999e-06,790.2579846
Mali,Africa,2002,51.818,1.0580176e-05,951.4097518
Mali,Africa,2007,54.467,1.2031795e-05,1042.581557
Mauritania,Africa,1952,40.543,1.022556e-06,743.1159097
Mauritania,Africa,1957,42.338,1.076852e-06,846.1202613
Mauritania,Africa,1962,44.248,1.146757e-06,1055.896036
Mauritania,Africa,1967,46.289,1.230542e-06,1421.145193
Mauritania,Africa,1972,48.437,1.332786e-06,1586.851781
Mauritania,Africa,1977,50.852,1.456688e-06,1497.492223
Mauritania,Africa,1982,53.599,1.622136e-06,1481.150189
Mauritania,Africa,1987,56.145,1.8412399999999999e-06,1421.603576
Mauritania,Africa,1992,58.333,2.119465e-06,1361.369784
Mauritania,Africa,1997,60.43,2.444741e-06,1483.136136
Mauritania,Africa,2002,62.247,2.828858e-06,1579.019543
Mauritania,Africa,2007,64.164,3.2700650000000003e-06,1803.151496
Mauritius,Africa,1952,50.986,5.16556e-07,1967.955707
Mauritius,Africa,1957,58.089,6.09816e-07,2034.037981
Mauritius,Africa,1962,60.246,7.01016e-07,2529.067487
Mauritius,Africa,1967,61.557,7.89309e-07,2475.387562
Mauritius,Africa,1972,62.944,8.51334e-07,2575.484158
Mauritius,Africa,1977,64.93,9.130249999999999e-07,3710.982963
Mauritius,Africa,1982,66.711,9.9204e-07,3688.037739
Mauritius,Africa,1987,68.74,1.0426629999999998e-06,4783.586903
Mauritius,Africa,1992,69.745,1.0962019999999998e-06,6058.253846
Mauritius,Africa,1997,70.736,1.149818e-06,7425.705295
Mauritius,Africa,2002,71.954,1.2002060000000001e-06,9021.815894
Mauritius,Africa,2007,72.801,1.250882e-06,10956.99112
Mexico,Americas,1952,50.789,3.0144317000000002e-05,3478.125529
Mexico,Americas,1957,55.19,3.5015548e-05,4131.546641
Mexico,Americas,1962,58.299,4.1121485e-05,4581.609385
Mexico,Americas,1967,60.11,4.7995559e-05,5754.733883
Mexico,Americas,1972,62.361,5.5984293999999995e-05,6809.40669
Mexico,Americas,1977,65.032,6.3759976e-05,7674.929108
Mexico,Americas,1982,67.405,7.1640904e-05,9611.147541
Mexico,Americas,1987,69.498,8.012249199999999e-05,8688.156003
Mexico,Americas,1992,71.455,8.811103e-05,9472.384295
Mexico,Americas,1997,73.67,9.5895146e-05,9767.29753
Mexico,Americas,2002,74.902,0.000102479927,10742.44053
Mexico,Americas,2007,76.195,0.000108700891,11977.57496
Mongolia,Asia,1952,42.244,8.006630000000001e-07,786.5668575
Mongolia,Asia,1957,45.248,8.82134e-07,912.6626085
Mongolia,Asia,1962,48.251,1.01028e-06,1056.353958
Mongolia,Asia,1967,51.253,1.1495e-06,1226.04113
Mongolia,Asia,1972,53.754,1.3205e-06,1421.741975
Mongolia,Asia,1977,55.491,1.528e-06,1647.511665
Mongolia,Asia,1982,57.489,1.756032e-06,2000.603139
Mongolia,Asia,1987,60.222,2.0151330000000003e-06,2338.008304
Mongolia,Asia,1992,61.271,2.312802e-06,1785.402016
Mongolia,Asia,1997,63.625,2.494803e-06,1902.2521
Mongolia,Asia,2002,65.033,2.6742340000000003e-06,2140.739323
Mongolia,Asia,2007,66.803,2.8741270000000003e-06,3095.772271
Montenegro,Europe,1952,59.164,4.13834e-07,2647.585601
Montenegro,Europe,1957,61.448,4.42829e-07,3682.259903
Montenegro,Europe,1962,63.728,4.74528e-07,4649.593785
Montenegro,Europe,1967,67.178,5.01035e-07,5907.850937
Montenegro,Europe,1972,70.636,5.27678e-07,7778.414017
Montenegro,Europe,1977,73.066,5.60073e-07,9595.929905
Montenegro,Europe,1982,74.101,5.625480000000001e-07,11222.58762
Montenegro,Europe,1987,74.865,5.69473e-07,11732.51017
Montenegro,Europe,1992,75.435,6.21621e-07,7003.339037
Montenegro,Europe,1997,75.445,6.92651e-07,6465.613349
Montenegro,Europe,2002,73.981,7.2023e-07,6557.194282
Montenegro,Europe,2007,74.543,6.84736e-07,9253.896111
Morocco,Africa,1952,42.873,9.939217e-06,1688.20357
Morocco,Africa,1957,45.423,1.140635e-05,1642.002314
Morocco,Africa,1962,47.924,1.3056604e-05,1566.353493
Morocco,Africa,1967,50.335,1.4770296e-05,1711.04477
Morocco,Africa,1972,52.862,1.666067e-05,1930.194975
Morocco,Africa,1977,55.73,1.8396941000000002e-05,2370.619976
Morocco,Africa,1982,59.65,2.0198730000000002e-05,2702.620356
Morocco,Africa,1987,62.677,2.2987397e-05,2755.046991
Morocco,Africa,1992,65.393,2.5798239e-05,2948.047252
Morocco,Africa,1997,67.66,2.8529501e-05,2982.101858
Morocco,Africa,2002,69.615,3.1167783e-05,3258.495584
Morocco,Africa,2007,71.164,3.3757174999999994e-05,3820.17523
Mozambique,Africa,1952,31.286,6.446316e-06,468.5260381
Mozambique,Africa,1957,33.779,7.038035e-06,495.5868333
Mozambique,Africa,1962,36.161,7.788944e-06,556.6863539
Mozambique,Africa,1967,38.113,8.680909e-06,566.6691539
Mozambique,Africa,1972,40.328,9.809596e-06,724.9178037
Mozambique,Africa,1977,42.495,1.1127868e-05,502.3197334
Mozambique,Africa,1982,42.795,1.2587223e-05,462.2114149
Mozambique,Africa,1987,42.861,1.2891952e-05,389.8761846
Mozambique,Africa,1992,44.284,1.3160731e-05,410.8968239
Mozambique,Africa,1997,46.344,1.6603334e-05,472.3460771
Mozambique,Africa,2002,44.026,1.847378e-05,633.6179466
Mozambique,Africa,2007,42.082,1.9951656e-05,823.6856205
Myanmar,Asia,1952,36.319,2.0092995999999998e-05,331.0
Myanmar,Asia,1957,41.905,2.1731843999999998e-05,350.0
Myanmar,Asia,1962,45.108,2.3634436e-05,388.0
Myanmar,Asia,1967,49.379,2.5870271e-05,349.0
Myanmar,Asia,1972,53.07,2.8466390000000002e-05,357.0
Myanmar,Asia,1977,56.059,3.1528087e-05,371.0
Myanmar,Asia,1982,58.056,3.4680442e-05,424.0
Myanmar,Asia,1987,58.339,3.8028578000000004e-05,385.0
Myanmar,Asia,1992,59.32,4.0546538e-05,347.0
Myanmar,Asia,1997,60.328,4.3247867e-05,415.0
Myanmar,Asia,2002,59.908,4.5598081e-05,611.0
Myanmar,Asia,2007,62.069,4.776198e-05,944.0
Namibia,Africa,1952,41.725,4.85831e-07,2423.780443
Namibia,Africa,1957,45.226,5.4808e-07,2621.448058
Namibia,Africa,1962,48.386,6.213920000000001e-07,3173.215595
Namibia,Africa,1967,51.159,7.066400000000001e-07,3793.694753
Namibia,Africa,1972,53.867,8.21782e-07,3746.080948
Namibia,Africa,1977,56.437,9.77026e-07,3876.485958
Namibia,Africa,1982,58.968,1.09901e-06,4191.100511
Namibia,Africa,1987,60.835,1.278184e-06,3693.731337
Namibia,Africa,1992,61.999,1.554253e-06,3804.537999
Namibia,Africa,1997,58.909,1.774766e-06,3899.52426
Namibia,Africa,2002,51.479,1.972153e-06,4072.324751
Namibia,Africa,2007,52.906,2.05508e-06,4811.060429
Nepal,Asia,1952,36.157,9.182536e-06,545.8657229
Nepal,Asia,1957,37.686,9.682338e-06,597.9363558
Nepal,Asia,1962,39.393,1.0332057000000001e-05,652.3968593
Nepal,Asia,1967,41.472,1.126169e-05,676.4422254
Nepal,Asia,1972,43.971,1.2412593e-05,674.7881296
Nepal,Asia,1977,46.748,1.3933198e-05,694.1124398
Nepal,Asia,1982,49.594,1.5796314e-05,718.3730947
Nepal,Asia,1987,52.537,1.7917179999999997e-05,775.6324501
Nepal,Asia,1992,55.727,2.0326209e-05,897.7403604
Nepal,Asia,1997,59.426,2.3001113e-05,1010.892138
Nepal,Asia,2002,61.34,2.5873917e-05,1057.206311
Nepal,Asia,2007,63.785,2.8901789999999998e-05,1091.359778
Netherlands,Europe,1952,72.13,1.0381988e-05,8941.571858
Netherlands,Europe,1957,72.99,1.1026382999999998e-05,11276.19344
Netherlands,Europe,1962,73.23,1.1805689e-05,12790.84956
Netherlands,Europe,1967,73.82,1.2596822e-05,15363.25136
Netherlands,Europe,1972,73.75,1.3329874e-05,18794.74567
Netherlands,Europe,1977,75.24,1.3852989000000001e-05,21209.0592
Netherlands,Europe,1982,76.05,1.4310401e-05,21399.46046
Netherlands,Europe,1987,76.83,1.4665278000000002e-05,23651.32361
Netherlands,Europe,1992,77.42,1.5174244e-05,26790.94961
Netherlands,Europe,1997,78.03,1.5604464e-05,30246.13063
Netherlands,Europe,2002,78.53,1.612283e-05,33724.75778
Netherlands,Europe,2007,79.762,1.6570613000000002e-05,36797.93332
New Zealand,Oceania,1952,69.39,1.9947939999999998e-06,10556.57566
New Zealand,Oceania,1957,70.26,2.229407e-06,12247.39532
New Zealand,Oceania,1962,71.24,2.48855e-06,13175.678
New Zealand,Oceania,1967,71.52,2.72815e-06,14463.91893
New Zealand,Oceania,1972,71.89,2.9291e-06,16046.03728
New Zealand,Oceania,1977,72.22,3.1649e-06,16233.7177
New Zealand,Oceania,1982,73.84,3.21065e-06,17632.4104
New Zealand,Oceania,1987,74.32,3.3171659999999997e-06,19007.19129
New Zealand,Oceania,1992,76.33,3.437674e-06,18363.32494
New Zealand,Oceania,1997,77.55,3.676187e-06,21050.41377
New Zealand,Oceania,2002,79.11,3.908037e-06,23189.80135
New Zealand,Oceania,2007,80.204,4.1157709999999995e-06,25185.00911
Nicaragua,Americas,1952,42.314,1.16579e-06,3112.363948
Nicaragua,Americas,1957,45.432,1.358828e-06,3457.415947
Nicaragua,Americas,1962,48.632,1.590597e-06,3634.364406
Nicaragua,Americas,1967,51.884,1.8654900000000001e-06,4643.393534
Nicaragua,Americas,1972,55.151,2.1829079999999997e-06,4688.593267
Nicaragua,Americas,1977,57.47,2.554598e-06,5486.371089
Nicaragua,Americas,1982,59.298,2.9794230000000002e-06,3470.338156
Nicaragua,Americas,1987,62.008,3.344353e-06,2955.984375
Nicaragua,Americas,1992,65.843,4.017939e-06,2170.151724
Nicaragua,Americas,1997,68.426,4.609572e-06,2253.023004
Nicaragua,Americas,2002,70.836,5.146848e-06,2474.548819
Nicaragua,Americas,2007,72.899,5.6753559999999995e-06,2749.320965
Niger,Africa,1952,37.444,3.379468e-06,761.879376
Niger,Africa,1957,38.598,3.692184e-06,835.5234025
Niger,Africa,1962,39.487,4.076008e-06,997.7661127
Niger,Africa,1967,40.118,4.534062e-06,1054.384891
Niger,Africa,1972,40.546,5.060262e-06,954.2092363
Niger,Africa,1977,41.291,5.682086e-06,808.8970728
Niger,Africa,1982,42.598,6.437188e-06,909.7221354
Niger,Africa,1987,44.555,7.3326380000000005e-06,668.3000228
Niger,Africa,1992,47.391,8.392818e-06,581.182725
Niger,Africa,1997,51.313,9.666252e-06,580.3052092
Niger,Africa,2002,54.496,1.1140655e-05,601.0745012
Niger,Africa,2007,56.867,1.2894865e-05,619.6768924
Nigeria,Africa,1952,36.324,3.3119096e-05,1077.281856
Nigeria,Africa,1957,37.802,3.717334e-05,1100.592563
Nigeria,Africa,1962,39.36,4.1871351e-05,1150.927478
Nigeria,Africa,1967,41.04,4.7287752e-05,1014.514104
Nigeria,Africa,1972,42.821,5.3740085e-05,1698.388838
Nigeria,Africa,1977,44.514,6.2209173e-05,1981.951806
Nigeria,Africa,1982,45.826,7.3039376e-05,1576.97375
Nigeria,Africa,1987,46.886,8.155152e-05,1385.029563
Nigeria,Africa,1992,47.472,9.3364244e-05,1619.848217
Nigeria,Africa,1997,47.464,0.000106207839,1624.941275
Nigeria,Africa,2002,46.608,0.000119901274,1615.286395
Nigeria,Africa,2007,46.859,0.000135031164,2013.977305
Norway,Europe,1952,72.67,3.327728e-06,10095.42172
Norway,Europe,1957,73.44,3.491938e-06,11653.97304
Norway,Europe,1962,73.47,3.638919e-06,13450.40151
Norway,Europe,1967,74.08,3.786019e-06,16361.87647
Norway,Europe,1972,74.34,3.9330039999999996e-06,18965.05551
Norway,Europe,1977,75.37,4.043205e-06,23311.34939
Norway,Europe,1982,75.97,4.114786999999999e-06,26298.63531
Norway,Europe,1987,75.89,4.186147e-06,31540.9748
Norway,Europe,1992,77.32,4.286357e-06,33965.66115
Norway,Europe,1997,78.32,4.405672e-06,41283.16433
Norway,Europe,2002,79.05,4.535591e-06,44683.97525
Norway,Europe,2007,80.196,4.6279260000000005e-06,49357.19017
Oman,Asia,1952,37.578,5.07833e-07,1828.230307
Oman,Asia,1957,40.08,5.61977e-07,2242.746551
Oman,Asia,1962,43.165,6.281639999999999e-07,2924.638113
Oman,Asia,1967,46.988,7.147750000000001e-07,4720.942687
Oman,Asia,1972,52.143,8.290499999999999e-07,10618.03855
Oman,Asia,1977,57.367,1.004533e-06,11848.34392
Oman,Asia,1982,62.728,1.301048e-06,12954.79101
Oman,Asia,1987,67.734,1.593882e-06,18115.22313
Oman,Asia,1992,71.197,1.915208e-06,18616.70691
Oman,Asia,1997,72.499,2.283635e-06,19702.05581
Oman,Asia,2002,74.193,2.7134619999999997e-06,19774.83687
Oman,Asia,2007,75.64,3.2048969999999997e-06,22316.19287
Pakistan,Asia,1952,43.436,4.134656e-05,684.5971438
Pakistan,Asia,1957,45.557,4.6679944e-05,747.0835292
Pakistan,Asia,1962,47.67,5.3100671e-05,803.3427418
Pakistan,Asia,1967,49.8,6.0641899000000004e-05,942.4082588
Pakistan,Asia,1972,51.929,6.9325921e-05,1049.938981
Pakistan,Asia,1977,54.043,7.8152686e-05,1175.921193
Pakistan,Asia,1982,56.158,9.1462088e-05,1443.429832
Pakistan,Asia,1987,58.245,0.000105186881,1704.686583
Pakistan,Asia,1992,60.838,0.00012006500400000001,1971.829464
Pakistan,Asia,1997,61.818,0.000135564834,2049.350521
Pakistan,Asia,2002,63.61,0.000153403524,2092.712441
Pakistan,Asia,2007,65.483,0.00016927061699999998,2605.94758
Panama,Americas,1952,55.191,9.4008e-07,2480.380334
Panama,Americas,1957,59.201,1.063506e-06,2961.800905
Panama,Americas,1962,61.817,1.215725e-06,3536.540301
Panama,Americas,1967,64.071,1.405486e-06,4421.009084
Panama,Americas,1972,66.216,1.616384e-06,5364.249663
Panama,Americas,1977,68.681,1.839782e-06,5351.912144
Panama,Americas,1982,70.472,2.0363050000000002e-06,7009.601598
Panama,Americas,1987,71.523,2.2536390000000003e-06,7034.779161
Panama,Americas,1992,72.462,2.484997e-06,6618.74305
Panama,Americas,1997,73.738,2.734531e-06,7113.692252
Panama,Americas,2002,74.712,2.990875e-06,7356.031934
Panama,Americas,2007,75.537,3.2421730000000004e-06,9809.185636
Paraguay,Americas,1952,62.649,1.555876e-06,1952.308701
Paraguay,Americas,1957,63.196,1.770902e-06,2046.154706
Paraguay,Americas,1962,64.361,2.009813e-06,2148.027146
Paraguay,Americas,1967,64.951,2.2879849999999997e-06,2299.376311
Paraguay,Americas,1972,65.815,2.614104e-06,2523.337977
Paraguay,Americas,1977,66.353,2.9844940000000002e-06,3248.373311
Paraguay,Americas,1982,66.874,3.366439e-06,4258.503604
Paraguay,Americas,1987,67.378,3.886512e-06,3998.875695
Paraguay,Americas,1992,68.225,4.483945e-06,4196.411078
Paraguay,Americas,1997,69.4,5.154123e-06,4247.400261
Paraguay,Americas,2002,70.755,5.884491e-06,3783.674243
Paraguay,Americas,2007,71.752,6.667147e-06,4172.838464
Peru,Americas,1952,43.902,8.0257e-06,3758.523437
Peru,Americas,1957,46.263,9.1461e-06,4245.256698
Peru,Americas,1962,49.096,1.05165e-05,4957.037982
Peru,Americas,1967,51.445,1.2132199999999999e-05,5788.09333
Peru,Americas,1972,55.448,1.39547e-05,5937.827283
Peru,Americas,1977,58.447,1.5990099000000002e-05,6281.290855
Peru,Americas,1982,61.406,1.8125129e-05,6434.501797
Peru,Americas,1987,64.134,2.0195924e-05,6360.943444
Peru,Americas,1992,66.458,2.2430449e-05,4446.380924
Peru,Americas,1997,68.386,2.4748121999999998e-05,5838.347657
Peru,Americas,2002,69.906,2.6769436e-05,5909.020073
Peru,Americas,2007,71.421,2.8674757e-05,7408.905561
Philippines,Asia,1952,47.752,2.2438690999999998e-05,1272.880995
Philippines,Asia,1957,51.334,2.6072194e-05,1547.944844
Philippines,Asia,1962,54.757,3.0325264e-05,1649.552153
Philippines,Asia,1967,56.393,3.53566e-05,1814.12743
Philippines,Asia,1972,58.065,4.0850141e-05,1989.37407
Philippines,Asia,1977,60.06,4.6850962000000005e-05,2373.204287
Philippines,Asia,1982,62.082,5.3456774e-05,2603.273765
Philippines,Asia,1987,64.151,6.0017788e-05,2189.634995
Philippines,Asia,1992,66.458,6.7185766e-05,2279.324017
Philippines,Asia,1997,68.564,7.5012988e-05,2536.534925
Philippines,Asia,2002,70.303,8.2995088e-05,2650.921068
Philippines,Asia,2007,71.688,9.1077287e-05,3190.481016
Poland,Europe,1952,61.31,2.5730551e-05,4029.329699
Poland,Europe,1957,65.77,2.8235346e-05,4734.253019
Poland,Europe,1962,67.64,3.0329616999999998e-05,5338.752143
Poland,Europe,1967,69.61,3.1785378e-05,6557.152776
Poland,Europe,1972,70.85,3.3039545e-05,8006.506993
Poland,Europe,1977,70.67,3.4621254e-05,9508.141454
Poland,Europe,1982,71.32,3.6227381e-05,8451.531004
Poland,Europe,1987,70.98,3.774071e-05,9082.351172
Poland,Europe,1992,70.99,3.8370697e-05,7738.881247
Poland,Europe,1997,72.75,3.8654957000000004e-05,10159.58368
Poland,Europe,2002,74.67,3.8625976e-05,12002.23908
Poland,Europe,2007,75.563,3.8518241000000006e-05,15389.92468
Portugal,Europe,1952,59.82,8.52605e-06,3068.319867
Portugal,Europe,1957,61.51,8.81765e-06,3774.571743
Portugal,Europe,1962,64.39,9.0198e-06,4727.954889
Portugal,Europe,1967,66.6,9.102999999999999e-06,6361.517993
Portugal,Europe,1972,69.26,8.97045e-06,9022.247417
Portugal,Europe,1977,70.41,9.6626e-06,10172.48572
Portugal,Europe,1982,72.77,9.85965e-06,11753.84291
Portugal,Europe,1987,74.06,9.915289e-06,13039.30876
Portugal,Europe,1992,74.86,9.92768e-06,16207.26663
Portugal,Europe,1997,75.97,1.0156415000000001e-05,17641.03156
Portugal,Europe,2002,77.29,1.0433867e-05,19970.90787
Portugal,Europe,2007,78.098,1.0642836000000001e-05,20509.64777
Puerto Rico,Americas,1952,64.28,2.227e-06,3081.959785
Puerto Rico,Americas,1957,68.54,2.26e-06,3907.156189
Puerto Rico,Americas,1962,69.62,2.448046e-06,5108.34463
Puerto Rico,Americas,1967,71.1,2.648961e-06,6929.277714
Puerto Rico,Americas,1972,72.16,2.8471320000000003e-06,9123.041742
Puerto Rico,Americas,1977,73.44,3.0808279999999997e-06,9770.524921
Puerto Rico,Americas,1982,73.75,3.279001e-06,10330.98915
Puerto Rico,Americas,1987,74.63,3.444468e-06,12281.34191
Puerto Rico,Americas,1992,73.911,3.585176e-06,14641.58711
Puerto Rico,Americas,1997,74.917,3.75943e-06,16999.4333
Puerto Rico,Americas,2002,77.778,3.859606e-06,18855.60618
Puerto Rico,Americas,2007,78.746,3.942491e-06,19328.70901
Reunion,Africa,1952,52.724,2.577e-07,2718.885295
Reunion,Africa,1957,55.09,3.0869999999999995e-07,2769.451844
Reunion,Africa,1962,57.666,3.589e-07,3173.72334
Reunion,Africa,1967,60.542,4.14024e-07,4021.175739
Reunion,Africa,1972,64.274,4.61633e-07,5047.658563
Reunion,Africa,1977,67.064,4.92095e-07,4319.804067
Reunion,Africa,1982,69.885,5.1781e-07,5267.219353
Reunion,Africa,1987,71.913,5.62035e-07,5303.377488
Reunion,Africa,1992,73.615,6.22191e-07,6101.255823
Reunion,Africa,1997,74.772,6.848100000000001e-07,6071.941411
Reunion,Africa,2002,75.744,7.43981e-07,6316.1652
Reunion,Africa,2007,76.442,7.98094e-07,7670.122558
Romania,Europe,1952,61.05,1.663e-05,3144.613186
Romania,Europe,1957,64.1,1.7829327e-05,3943.370225
Romania,Europe,1962,66.8,1.8680721e-05,4734.997586
Romania,Europe,1967,66.8,1.9284814e-05,6470.866545
Romania,Europe,1972,69.21,2.0662648000000002e-05,8011.414402
Romania,Europe,1977,69.46,2.1658597e-05,9356.39724
Romania,Europe,1982,69.66,2.2356725999999997e-05,9605.314053
Romania,Europe,1987,69.53,2.2686371e-05,9696.273295
Romania,Europe,1992,69.36,2.2797027e-05,6598.409903
Romania,Europe,1997,69.72,2.2562457999999998e-05,7346.547557
Romania,Europe,2002,71.322,2.2404337000000003e-05,7885.360081
Romania,Europe,2007,72.476,2.2276056e-05,10808.47561
Rwanda,Africa,1952,40.0,2.534927e-06,493.3238752
Rwanda,Africa,1957,41.5,2.822082e-06,540.2893983
Rwanda,Africa,1962,43.0,3.0512419999999996e-06,597.4730727
Rwanda,Africa,1967,44.1,3.451079e-06,510.9637142
Rwanda,Africa,1972,44.6,3.992121e-06,590.5806638
Rwanda,Africa,1977,45.0,4.657072e-06,670.0806011
Rwanda,Africa,1982,46.218,5.507565e-06,881.5706467
Rwanda,Africa,1987,44.02,6.349365e-06,847.991217
Rwanda,Africa,1992,23.599,7.290203e-06,737.0685949
Rwanda,Africa,1997,36.087,7.212583e-06,589.9445051
Rwanda,Africa,2002,43.413,7.852401e-06,785.6537648
Rwanda,Africa,2007,46.242,8.860588e-06,863.0884639
Sao Tome and Principe,Africa,1952,46.471,6.001100000000001e-08,879.5835855
Sao Tome and Principe,Africa,1957,48.945,6.1325e-08,860.7369026
Sao Tome and Principe,Africa,1962,51.893,6.5345e-08,1071.551119
Sao Tome and Principe,Africa,1967,54.425,7.0787e-08,1384.840593
Sao Tome and Principe,Africa,1972,56.48,7.659499999999999e-08,1532.985254
Sao Tome and Principe,Africa,1977,58.55,8.679599999999999e-08,1737.561657
Sao Tome and Principe,Africa,1982,60.351,9.8593e-08,1890.218117
Sao Tome and Principe,Africa,1987,61.728,1.10812e-07,1516.525457
Sao Tome and Principe,Africa,1992,62.742,1.25911e-07,1428.777814
Sao Tome and Principe,Africa,1997,63.306,1.45608e-07,1339.076036
Sao Tome and Principe,Africa,2002,64.337,1.7037199999999999e-07,1353.09239
Sao Tome and Principe,Africa,2007,65.528,1.9957900000000002e-07,1598.435089
Saudi Arabia,Asia,1952,39.875,4.005677e-06,6459.554823
Saudi Arabia,Asia,1957,42.868,4.41965e-06,8157.591248
Saudi Arabia,Asia,1962,45.914,4.943029e-06,11626.41975
Saudi Arabia,Asia,1967,49.901,5.618197999999999e-06,16903.04886
Saudi Arabia,Asia,1972,53.886,6.472756000000001e-06,24837.42865
Saudi Arabia,Asia,1977,58.69,8.128505e-06,34167.7626
Saudi Arabia,Asia,1982,63.012,1.1254672e-05,33693.17525
Saudi Arabia,Asia,1987,66.295,1.4619745e-05,21198.26136
Saudi Arabia,Asia,1992,68.768,1.6945857e-05,24841.61777
Saudi Arabia,Asia,1997,70.533,2.1229759000000002e-05,20586.69019
Saudi Arabia,Asia,2002,71.626,2.4501529999999998e-05,19014.54118
Saudi Arabia,Asia,2007,72.777,2.7601038e-05,21654.83194
Senegal,Africa,1952,37.278,2.7555890000000003e-06,1450.356983
Senegal,Africa,1957,39.329,3.054547e-06,1567.653006
Senegal,Africa,1962,41.454,3.430243e-06,1654.988723
Senegal,Africa,1967,43.563,3.965841e-06,1612.404632
Senegal,Africa,1972,45.815,4.588696e-06,1597.712056
Senegal,Africa,1977,48.879,5.260855e-06,1561.769116
Senegal,Africa,1982,52.379,6.147783000000001e-06,1518.479984
Senegal,Africa,1987,55.769,7.171347e-06,1441.72072
Senegal,Africa,1992,58.196,8.307919999999999e-06,1367.899369
Senegal,Africa,1997,60.187,9.535314e-06,1392.368347
Senegal,Africa,2002,61.6,1.0870037e-05,1519.635262
Senegal,Africa,2007,63.062,1.2267493e-05,1712.472136
Serbia,Europe,1952,57.996,6.860147000000001e-06,3581.459448
Serbia,Europe,1957,61.685,7.2711350000000005e-06,4981.090891
Serbia,Europe,1962,64.531,7.61606e-06,6289.629157
Serbia,Europe,1967,66.914,7.971222e-06,7991.707066
Serbia,Europe,1972,68.7,8.313288e-06,10522.06749
Serbia,Europe,1977,70.3,8.686367e-06,12980.66956
Serbia,Europe,1982,70.162,9.032824e-06,15181.0927
Serbia,Europe,1987,71.218,9.230783e-06,15870.87851
Serbia,Europe,1992,71.659,9.826397e-06,9325.068238
Serbia,Europe,1997,72.232,1.0336594e-05,7914.320304
Serbia,Europe,2002,73.213,1.0111559e-05,7236.075251
Serbia,Europe,2007,74.002,1.0150265e-05,9786.534714
Sierra Leone,Africa,1952,30.331,2.143249e-06,879.7877358
Sierra Leone,Africa,1957,31.57,2.295678e-06,1004.484437
Sierra Leone,Africa,1962,32.767,2.4678949999999998e-06,1116.639877
Sierra Leone,Africa,1967,34.113,2.66219e-06,1206.043465
Sierra Leone,Africa,1972,35.4,2.879013e-06,1353.759762
Sierra Leone,Africa,1977,36.788,3.140897e-06,1348.285159
Sierra Leone,Africa,1982,38.445,3.4645220000000002e-06,1465.010784
Sierra Leone,Africa,1987,40.006,3.868905e-06,1294.447788
Sierra Leone,Africa,1992,38.333,4.260884e-06,1068.696278
Sierra Leone,Africa,1997,39.897,4.578212e-06,574.6481576
Sierra Leone,Africa,2002,41.012,5.359092000000001e-06,699.489713
Sierra Leone,Africa,2007,42.568,6.144562e-06,862.5407561
Singapore,Asia,1952,60.396,1.127e-06,2315.138227
Singapore,Asia,1957,63.179,1.445929e-06,2843.104409
Singapore,Asia,1962,65.798,1.7502e-06,3674.735572
Singapore,Asia,1967,67.946,1.9776e-06,4977.41854
Singapore,Asia,1972,69.521,2.1524e-06,8597.756202
Singapore,Asia,1977,70.795,2.3253e-06,11210.08948
Singapore,Asia,1982,71.76,2.651869e-06,15169.16112
Singapore,Asia,1987,73.56,2.794552e-06,18861.53081
Singapore,Asia,1992,75.788,3.235865e-06,24769.8912
Singapore,Asia,1997,77.158,3.802309e-06,33519.4766
Singapore,Asia,2002,78.77,4.197776e-06,36023.1054
Singapore,Asia,2007,79.972,4.553009e-06,47143.17964
Slovak Republic,Europe,1952,64.36,3.558137e-06,5074.659104
Slovak Republic,Europe,1957,67.45,3.844277e-06,6093.26298
Slovak Republic,Europe,1962,70.33,4.237384e-06,7481.107598
Slovak Republic,Europe,1967,70.98,4.442237999999999e-06,8412.902397
Slovak Republic,Europe,1972,70.35,4.593433e-06,9674.167626
Slovak Republic,Europe,1977,70.45,4.8278030000000005e-06,10922.66404
Slovak Republic,Europe,1982,70.8,5.048043e-06,11348.54585
Slovak Republic,Europe,1987,71.08,5.1993179999999996e-06,12037.26758
Slovak Republic,Europe,1992,71.38,5.302888e-06,9498.467723
Slovak Republic,Europe,1997,72.71,5.38301e-06,12126.23065
Slovak Republic,Europe,2002,73.8,5.4100520000000005e-06,13638.77837
Slovak Republic,Europe,2007,74.663,5.447502e-06,18678.31435
Slovenia,Europe,1952,65.57,1.489518e-06,4215.041741
Slovenia,Europe,1957,67.85,1.53307e-06,5862.276629
Slovenia,Europe,1962,69.15,1.582962e-06,7402.303395
Slovenia,Europe,1967,69.18,1.646912e-06,9405.489397
Slovenia,Europe,1972,69.82,1.6945099999999999e-06,12383.4862
Slovenia,Europe,1977,70.97,1.746919e-06,15277.03017
Slovenia,Europe,1982,71.063,1.8612519999999998e-06,17866.72175
Slovenia,Europe,1987,72.25,1.94587e-06,18678.53492
Slovenia,Europe,1992,73.64,1.99921e-06,14214.71681
Slovenia,Europe,1997,75.13,2.011612e-06,17161.10735
Slovenia,Europe,2002,76.66,2.011497e-06,20660.01936
Slovenia,Europe,2007,77.926,2.009245e-06,25768.25759
Somalia,Africa,1952,32.978,2.5269940000000004e-06,1135.749842
Somalia,Africa,1957,34.977,2.780415e-06,1258.147413
Somalia,Africa,1962,36.981,3.080153e-06,1369.488336
Somalia,Africa,1967,38.977,3.428839e-06,1284.73318
Somalia,Africa,1972,40.973,3.840161e-06,1254.576127
Somalia,Africa,1977,41.974,4.353666e-06,1450.992513
Somalia,Africa,1982,42.955,5.828892e-06,1176.807031
Somalia,Africa,1987,44.501,6.921858000000001e-06,1093.244963
Somalia,Africa,1992,39.658,6.099799e-06,926.9602964
Somalia,Africa,1997,43.795,6.633514e-06,930.5964284
Somalia,Africa,2002,45.936,7.75331e-06,882.0818218
Somalia,Africa,2007,48.159,9.118773e-06,926.1410683
South Africa,Africa,1952,45.009,1.4264934999999999e-05,4725.295531
South Africa,Africa,1957,47.985,1.6151549e-05,5487.104219
South Africa,Africa,1962,49.951,1.8356657e-05,5768.729717
South Africa,Africa,1967,51.927,2.0997321e-05,7114.477971
South Africa,Africa,1972,53.696,2.393581e-05,7765.962636
South Africa,Africa,1977,55.527,2.7129932e-05,8028.651439
South Africa,Africa,1982,58.161,3.1140028999999996e-05,8568.266228
South Africa,Africa,1987,60.834,3.5933379e-05,7825.823398
South Africa,Africa,1992,61.888,3.9964159e-05,7225.069258
South Africa,Africa,1997,60.236,4.2835005e-05,7479.188244
South Africa,Africa,2002,53.365,4.4433622e-05,7710.946444
South Africa,Africa,2007,49.339,4.3997828e-05,9269.657808
Spain,Europe,1952,64.94,2.8549869999999997e-05,3834.034742
Spain,Europe,1957,66.66,2.9841614e-05,4564.80241
Spain,Europe,1962,69.69,3.1158061e-05,5693.843879
Spain,Europe,1967,71.44,3.2850275000000005e-05,7993.512294
Spain,Europe,1972,73.06,3.451316099999999e-05,10638.75131
Spain,Europe,1977,74.39,3.6439e-05,13236.92117
Spain,Europe,1982,76.3,3.798331e-05,13926.16997
Spain,Europe,1987,76.9,3.8880702e-05,15764.98313
Spain,Europe,1992,77.57,3.9549438e-05,18603.06452
Spain,Europe,1997,78.77,3.9855442e-05,20445.29896
Spain,Europe,2002,79.78,4.0152517000000005e-05,24835.47166
Spain,Europe,2007,80.941,4.0448191e-05,28821.0637
Sri Lanka,Asia,1952,57.593,7.982342e-06,1083.53203
Sri Lanka,Asia,1957,61.456,9.128546e-06,1072.546602
Sri Lanka,Asia,1962,62.192,1.0421936000000001e-05,1074.47196
Sri Lanka,Asia,1967,64.266,1.1737396000000001e-05,1135.514326
Sri Lanka,Asia,1972,65.042,1.3016733e-05,1213.39553
Sri Lanka,Asia,1977,65.949,1.4116835999999999e-05,1348.775651
Sri Lanka,Asia,1982,68.757,1.5410151e-05,1648.079789
Sri Lanka,Asia,1987,69.011,1.6495304000000002e-05,1876.766827
Sri Lanka,Asia,1992,70.379,1.758706e-05,2153.739222
Sri Lanka,Asia,1997,70.457,1.8698654999999998e-05,2664.477257
Sri Lanka,Asia,2002,70.815,1.9576783e-05,3015.378833
Sri Lanka,Asia,2007,72.396,2.0378239e-05,3970.095407
Sudan,Africa,1952,38.635,8.504667e-06,1615.991129
Sudan,Africa,1957,39.624,9.753392e-06,1770.337074
Sudan,Africa,1962,40.87,1.1183227e-05,1959.593767
Sudan,Africa,1967,42.858,1.2716129000000001e-05,1687.997641
Sudan,Africa,1972,45.083,1.4597019e-05,1659.652775
Sudan,Africa,1977,47.8,1.7104986e-05,2202.988423
Sudan,Africa,1982,50.338,2.0367052999999998e-05,1895.544073
Sudan,Africa,1987,51.744,2.472596e-05,1507.819159
Sudan,Africa,1992,53.556,2.8227588e-05,1492.197043
Sudan,Africa,1997,55.373,3.2160729000000005e-05,1632.210764
Sudan,Africa,2002,56.369,3.7090297999999994e-05,1993.398314
Sudan,Africa,2007,58.556,4.2292929e-05,2602.394995
Swaziland,Africa,1952,41.407,2.9024299999999996e-07,1148.376626
Swaziland,Africa,1957,43.424,3.26741e-07,1244.708364
Swaziland,Africa,1962,44.992,3.70006e-07,1856.182125
Swaziland,Africa,1967,46.633,4.2069e-07,2613.101665
Swaziland,Africa,1972,49.552,4.80105e-07,3364.836625
Swaziland,Africa,1977,52.537,5.514250000000001e-07,3781.410618
Swaziland,Africa,1982,55.561,6.499009999999999e-07,3895.384018
Swaziland,Africa,1987,57.678,7.79348e-07,3984.839812
Swaziland,Africa,1992,58.474,9.62344e-07,3553.0224
Swaziland,Africa,1997,54.289,1.054486e-06,3876.76846
Swaziland,Africa,2002,43.869,1.130269e-06,4128.116943
Swaziland,Africa,2007,39.613,1.133066e-06,4513.480643
Sweden,Europe,1952,71.86,7.124672999999999e-06,8527.844662
Sweden,Europe,1957,72.49,7.363801999999999e-06,9911.878226
Sweden,Europe,1962,73.37,7.561588e-06,12329.44192
Sweden,Europe,1967,74.16,7.867931e-06,15258.29697
Sweden,Europe,1972,74.72,8.122293000000001e-06,17832.02464
Sweden,Europe,1977,75.44,8.251647999999999e-06,18855.72521
Sweden,Europe,1982,76.42,8.32526e-06,20667.38125
Sweden,Europe,1987,77.19,8.421403e-06,23586.92927
Sweden,Europe,1992,78.16,8.718867e-06,23880.01683
Sweden,Europe,1997,79.39,8.897619000000001e-06,25266.59499
Sweden,Europe,2002,80.04,8.954175e-06,29341.63093
Sweden,Europe,2007,80.884,9.031088000000001e-06,33859.74835
Switzerland,Europe,1952,69.62,4.8150000000000005e-06,14734.23275
Switzerland,Europe,1957,70.56,5.1260000000000006e-06,17909.48973
Switzerland,Europe,1962,71.32,5.6660000000000005e-06,20431.0927
Switzerland,Europe,1967,72.77,6.062999999999999e-06,22966.14432
Switzerland,Europe,1972,73.78,6.401399999999999e-06,27195.11304
Switzerland,Europe,1977,75.39,6.316423999999999e-06,26982.29052
Switzerland,Europe,1982,76.21,6.468125999999999e-06,28397.71512
Switzerland,Europe,1987,77.41,6.649942e-06,30281.70459
Switzerland,Europe,1992,78.03,6.995447e-06,31871.5303
Switzerland,Europe,1997,79.37,7.1937610000000005e-06,32135.32301
Switzerland,Europe,2002,80.62,7.361757e-06,34480.95771
Switzerland,Europe,2007,81.701,7.554661000000001e-06,37506.41907
Syria,Asia,1952,45.883,3.661549e-06,1643.485354
Syria,Asia,1957,48.284,4.149908e-06,2117.234893
Syria,Asia,1962,50.305,4.834621e-06,2193.037133
Syria,Asia,1967,53.655,5.680812e-06,1881.923632
Syria,Asia,1972,57.296,6.7011719999999995e-06,2571.423014
Syria,Asia,1977,61.195,7.932502999999999e-06,3195.484582
Syria,Asia,1982,64.59,9.410494e-06,3761.837715
Syria,Asia,1987,66.974,1.1242846999999999e-05,3116.774285
Syria,Asia,1992,69.249,1.3219062e-05,3340.542768
Syria,Asia,1997,71.527,1.5081016e-05,4014.238972
Syria,Asia,2002,73.053,1.7155814e-05,4090.925331
Syria,Asia,2007,74.143,1.9314747000000002e-05,4184.548089
Taiwan,Asia,1952,58.5,8.550362e-06,1206.947913
Taiwan,Asia,1957,62.4,1.0164215000000001e-05,1507.86129
Taiwan,Asia,1962,65.2,1.1918938000000001e-05,1822.879028
Taiwan,Asia,1967,67.5,1.3648692e-05,2643.858681
Taiwan,Asia,1972,69.39,1.5226039e-05,4062.523897
Taiwan,Asia,1977,70.59,1.6785196e-05,5596.519826
Taiwan,Asia,1982,72.16,1.850139e-05,7426.354774
Taiwan,Asia,1987,73.4,1.9757799e-05,11054.56175
Taiwan,Asia,1992,74.26,2.0686918e-05,15215.6579
Taiwan,Asia,1997,75.25,2.1628605000000002e-05,20206.82098
Taiwan,Asia,2002,76.99,2.2454239000000003e-05,23235.42329
Taiwan,Asia,2007,78.4,2.3174294e-05,28718.27684
Tanzania,Africa,1952,41.215,8.322925e-06,716.6500721
Tanzania,Africa,1957,42.974,9.452826e-06,698.5356073
Tanzania,Africa,1962,44.246,1.0863958e-05,722.0038073
Tanzania,Africa,1967,45.757,1.2607312e-05,848.2186575
Tanzania,Africa,1972,47.62,1.4706593e-05,915.9850592
Tanzania,Africa,1977,49.919,1.7129565e-05,962.4922932
Tanzania,Africa,1982,50.608,1.9844382e-05,874.2426069
Tanzania,Africa,1987,51.535,2.304063e-05,831.8220794
Tanzania,Africa,1992,50.44,2.6605473e-05,825.682454
Tanzania,Africa,1997,48.466,3.0686889e-05,789.1862231
Tanzania,Africa,2002,49.651,3.4593778999999997e-05,899.0742111
Tanzania,Africa,2007,52.517,3.813964e-05,1107.482182
Thailand,Asia,1952,50.848,2.1289402e-05,757.7974177
Thailand,Asia,1957,53.63,2.5041917e-05,793.5774148
Thailand,Asia,1962,56.061,2.9263397e-05,1002.199172
Thailand,Asia,1967,58.285,3.4024249e-05,1295.46066
Thailand,Asia,1972,60.405,3.9276153e-05,1524.358936
Thailand,Asia,1977,62.494,4.4148285000000005e-05,1961.224635
Thailand,Asia,1982,64.597,4.8827159999999996e-05,2393.219781
Thailand,Asia,1987,66.084,5.2910342e-05,2982.653773
Thailand,Asia,1992,67.298,5.6667095000000005e-05,4616.896545
Thailand,Asia,1997,67.521,6.0216677e-05,5852.625497
Thailand,Asia,2002,68.564,6.2806748e-05,5913.187529
Thailand,Asia,2007,70.616,6.506814900000001e-05,7458.396327
Togo,Africa,1952,38.596,1.2191129999999998e-06,859.8086567
Togo,Africa,1957,41.208,1.357445e-06,925.9083202
Togo,Africa,1962,43.922,1.528098e-06,1067.53481
Togo,Africa,1967,46.769,1.7355499999999998e-06,1477.59676
Togo,Africa,1972,49.759,2.0563509999999996e-06,1649.660188
Togo,Africa,1977,52.887,2.3085819999999997e-06,1532.776998
Togo,Africa,1982,55.471,2.644765e-06,1344.577953
Togo,Africa,1987,56.941,3.154264e-06,1202.201361
Togo,Africa,1992,58.061,3.747553e-06,1034.298904
Togo,Africa,1997,58.39,4.3208900000000006e-06,982.2869243
Togo,Africa,2002,57.561,4.977378e-06,886.2205765
Togo,Africa,2007,58.42,5.701579e-06,882.9699438
Trinidad and Tobago,Americas,1952,59.1,6.6285e-07,3023.271928
Trinidad and Tobago,Americas,1957,61.8,7.649e-07,4100.3934
Trinidad and Tobago,Americas,1962,64.9,8.87498e-07,4997.523971
Trinidad and Tobago,Americas,1967,65.4,9.60155e-07,5621.368472
Trinidad and Tobago,Americas,1972,65.9,9.75199e-07,6619.551419
Trinidad and Tobago,Americas,1977,68.3,1.0390090000000002e-06,7899.554209
Trinidad and Tobago,Americas,1982,68.832,1.116479e-06,9119.528607
Trinidad and Tobago,Americas,1987,69.582,1.1913359999999999e-06,7388.597823
Trinidad and Tobago,Americas,1992,69.862,1.183669e-06,7370.990932
Trinidad and Tobago,Americas,1997,69.465,1.138101e-06,8792.573126
Trinidad and Tobago,Americas,2002,68.976,1.101832e-06,11460.60023
Trinidad and Tobago,Americas,2007,69.819,1.056608e-06,18008.50924
Tunisia,Africa,1952,44.6,3.647735e-06,1468.475631
Tunisia,Africa,1957,47.1,3.950849e-06,1395.232468
Tunisia,Africa,1962,49.579,4.286552e-06,1660.30321
Tunisia,Africa,1967,52.053,4.786986e-06,1932.360167
Tunisia,Africa,1972,55.602,5.303507e-06,2753.285994
Tunisia,Africa,1977,59.837,6.005061e-06,3120.876811
Tunisia,Africa,1982,64.048,6.734098e-06,3560.233174
Tunisia,Africa,1987,66.894,7.724975999999999e-06,3810.419296
Tunisia,Africa,1992,70.001,8.523077e-06,4332.720164
Tunisia,Africa,1997,71.973,9.231669e-06,4876.798614
Tunisia,Africa,2002,73.042,9.770575e-06,5722.895655
Tunisia,Africa,2007,73.923,1.0276158e-05,7092.923025
Turkey,Europe,1952,43.585,2.2235676999999998e-05,1969.10098
Turkey,Europe,1957,48.079,2.5670939000000002e-05,2218.754257
Turkey,Europe,1962,52.098,2.9788695e-05,2322.869908
Turkey,Europe,1967,54.336,3.3411316999999996e-05,2826.356387
Turkey,Europe,1972,57.005,3.7492953e-05,3450.69638
Turkey,Europe,1977,59.507,4.2404033e-05,4269.122326
Turkey,Europe,1982,61.036,4.7328791e-05,4241.356344
Turkey,Europe,1987,63.108,5.2881328e-05,5089.043686
Turkey,Europe,1992,66.146,5.8179144e-05,5678.348271
Turkey,Europe,1997,68.835,6.3047647e-05,6601.429915
Turkey,Europe,2002,70.845,6.730892799999999e-05,6508.085718
Turkey,Europe,2007,71.777,7.1158647e-05,8458.276384
Uganda,Africa,1952,39.978,5.824797e-06,734.753484
Uganda,Africa,1957,42.571,6.675501e-06,774.3710692
Uganda,Africa,1962,45.344,7.688797e-06,767.2717398
Uganda,Africa,1967,48.051,8.900294e-06,908.9185217
Uganda,Africa,1972,51.016,1.0190284999999999e-05,950.735869
Uganda,Africa,1977,50.35,1.1457758e-05,843.7331372
Uganda,Africa,1982,49.849,1.2939399999999998e-05,682.2662268
Uganda,Africa,1987,51.509,1.528305e-05,617.7244065
Uganda,Africa,1992,48.825,1.825219e-05,644.1707969
Uganda,Africa,1997,44.578,2.1210254e-05,816.559081
Uganda,Africa,2002,47.813,2.4739869e-05,927.7210018
Uganda,Africa,2007,51.542,2.9170398e-05,1056.380121
United Kingdom,Europe,1952,69.18,5.0429999999999997e-05,9979.508487
United Kingdom,Europe,1957,70.42,5.143e-05,11283.17795
United Kingdom,Europe,1962,70.76,5.3292000000000004e-05,12477.17707
United Kingdom,Europe,1967,71.36,5.4959e-05,14142.85089
United Kingdom,Europe,1972,72.01,5.6079e-05,15895.11641
United Kingdom,Europe,1977,72.76,5.6179000000000005e-05,17428.74846
United Kingdom,Europe,1982,74.04,5.6339703999999996e-05,18232.42452
United Kingdom,Europe,1987,75.007,5.698162e-05,21664.78767
United Kingdom,Europe,1992,76.42,5.7866349e-05,22705.09254
United Kingdom,Europe,1997,77.218,5.8808266000000004e-05,26074.53136
United Kingdom,Europe,2002,78.471,5.9912431e-05,29478.99919
United Kingdom,Europe,2007,79.425,6.0776238e-05,33203.26128
United States,Americas,1952,68.44,0.000157553,13990.48208
United States,Americas,1957,69.49,0.000171984,14847.12712
United States,Americas,1962,70.21,0.000186538,16173.14586
United States,Americas,1967,70.76,0.00019871199999999998,19530.36557
United States,Americas,1972,71.34,0.000209896,21806.03594
United States,Americas,1977,73.38,0.000220239,24072.63213
United States,Americas,1982,74.65,0.00023218783500000002,25009.55914
United States,Americas,1987,75.02,0.000242803533,29884.35041
United States,Americas,1992,76.09,0.000256894189,32003.93224
United States,Americas,1997,76.81,0.00027291176000000003,35767.43303
United States,Americas,2002,77.31,0.000287675526,39097.09955
United States,Americas,2007,78.242,0.00030113994700000003,42951.65309
Uruguay,Americas,1952,66.071,2.252965e-06,5716.766744
Uruguay,Americas,1957,67.044,2.424959e-06,6150.772969
Uruguay,Americas,1962,68.253,2.598466e-06,5603.357717
Uruguay,Americas,1967,68.468,2.748579e-06,5444.61962
Uruguay,Americas,1972,68.673,2.829526e-06,5703.408898
Uruguay,Americas,1977,69.481,2.8735200000000002e-06,6504.339663
Uruguay,Americas,1982,70.805,2.953997e-06,6920.223051
Uruguay,Americas,1987,71.918,3.045153e-06,7452.398969
Uruguay,Americas,1992,72.752,3.149262e-06,8137.004775
Uruguay,Americas,1997,74.223,3.262838e-06,9230.240708
Uruguay,Americas,2002,75.307,3.363085e-06,7727.002004
Uruguay,Americas,2007,76.384,3.447496e-06,10611.46299
Venezuela,Americas,1952,55.088,5.439568e-06,7689.799761
Venezuela,Americas,1957,57.907,6.702668e-06,9802.466526
Venezuela,Americas,1962,60.77,8.143375e-06,8422.974165
Venezuela,Americas,1967,63.479,9.709552e-06,9541.474188
Venezuela,Americas,1972,65.712,1.1515649e-05,10505.25966
Venezuela,Americas,1977,67.456,1.3503563e-05,13143.95095
Venezuela,Americas,1982,68.557,1.5620765999999998e-05,11152.41011
Venezuela,Americas,1987,70.19,1.7910181999999997e-05,9883.584648
Venezuela,Americas,1992,71.15,2.0265563e-05,10733.92631
Venezuela,Americas,1997,72.146,2.2374397999999998e-05,10165.49518
Venezuela,Americas,2002,72.766,2.428767e-05,8605.047831
Venezuela,Americas,2007,73.747,2.6084662e-05,11415.80569
Vietnam,Asia,1952,40.412,2.6246839e-05,605.0664917
Vietnam,Asia,1957,42.887,2.8998543e-05,676.2854478
Vietnam,Asia,1962,45.363,3.379614e-05,772.0491602
Vietnam,Asia,1967,47.838,3.946391e-05,637.1232887
Vietnam,Asia,1972,50.254,4.4655014000000004e-05,699.5016441
Vietnam,Asia,1977,55.764,5.0533506e-05,713.5371196
Vietnam,Asia,1982,58.816,5.6142181e-05,707.2357863
Vietnam,Asia,1987,62.82,6.2826491e-05,820.7994449
Vietnam,Asia,1992,67.662,6.994072799999999e-05,989.0231487
Vietnam,Asia,1997,70.672,7.6048996e-05,1385.896769
Vietnam,Asia,2002,73.017,8.0908147e-05,1764.456677
Vietnam,Asia,2007,74.249,8.5262356e-05,2441.576404
West Bank and Gaza,Asia,1952,43.16,1.0305850000000001e-06,1515.592329
West Bank and Gaza,Asia,1957,45.671,1.070439e-06,1827.067742
West Bank and Gaza,Asia,1962,48.127,1.133134e-06,2198.956312
West Bank and Gaza,Asia,1967,51.631,1.142636e-06,2649.715007
West Bank and Gaza,Asia,1972,56.532,1.089572e-06,3133.409277
West Bank and Gaza,Asia,1977,60.765,1.261091e-06,3682.831494
West Bank and Gaza,Asia,1982,64.406,1.425876e-06,4336.032082
West Bank and Gaza,Asia,1987,67.046,1.69121e-06,5107.197384
West Bank and Gaza,Asia,1992,69.718,2.1047790000000002e-06,6017.654756
West Bank and Gaza,Asia,1997,71.096,2.8260459999999997e-06,7110.667619
West Bank and Gaza,Asia,2002,72.37,3.3895780000000004e-06,4515.487575
West Bank and Gaza,Asia,2007,73.422,4.018332e-06,3025.349798
"Yemen, Rep.",Asia,1952,32.548,4.963829e-06,781.7175761
"Yemen, Rep.",Asia,1957,33.97,5.49809e-06,804.8304547
"Yemen, Rep.",Asia,1962,35.18,6.120081e-06,825.6232006
"Yemen, Rep.",Asia,1967,36.984,6.740785e-06,862.4421463
"Yemen, Rep.",Asia,1972,39.848,7.407075e-06,1265.047031
"Yemen, Rep.",Asia,1977,44.175,8.40399e-06,1829.765177
"Yemen, Rep.",Asia,1982,49.113,9.657618e-06,1977.55701
"Yemen, Rep.",Asia,1987,52.922,1.121934e-05,1971.741538
"Yemen, Rep.",Asia,1992,55.599,1.3367997000000002e-05,1879.496673
"Yemen, Rep.",Asia,1997,58.02,1.5826497e-05,2117.484526
"Yemen, Rep.",Asia,2002,60.308,1.8701257e-05,2234.820827
"Yemen, Rep.",Asia,2007,62.698,2.2211742999999997e-05,2280.769906
Zambia,Africa,1952,42.038,2.672e-06,1147.388831
Zambia,Africa,1957,44.077,3.016e-06,1311.956766
Zambia,Africa,1962,46.023,3.421e-06,1452.725766
Zambia,Africa,1967,47.768,3.9e-06,1777.077318
Zambia,Africa,1972,50.107,4.506497e-06,1773.498265
Zambia,Africa,1977,51.386,5.21655e-06,1588.688299
Zambia,Africa,1982,51.821,6.100407e-06,1408.678565
Zambia,Africa,1987,50.821,7.272406e-06,1213.315116
Zambia,Africa,1992,46.1,8.381163e-06,1210.884633
Zambia,Africa,1997,40.238,9.417789000000001e-06,1071.353818
Zambia,Africa,2002,39.193,1.0595811e-05,1071.613938
Zambia,Africa,2007,42.384,1.1746035e-05,1271.211593
Zimbabwe,Africa,1952,48.451,3.080907e-06,406.8841148
Zimbabwe,Africa,1957,50.469,3.64634e-06,518.7642681
Zimbabwe,Africa,1962,52.358,4.277736e-06,527.2721818
Zimbabwe,Africa,1967,53.995,4.995432e-06,569.7950712
Zimbabwe,Africa,1972,55.635,5.861135e-06,799.3621758
Zimbabwe,Africa,1977,57.674,6.642107e-06,685.5876821
Zimbabwe,Africa,1982,60.363,7.636524e-06,788.8550411
Zimbabwe,Africa,1987,62.351,9.216418000000001e-06,706.1573059
Zimbabwe,Africa,1992,60.377,1.070434e-05,693.4207856
Zimbabwe,Africa,1997,46.809,1.1404948e-05,792.4499603
Zimbabwe,Africa,2002,39.989,1.1926562999999999e-05,672.0386227
Zimbabwe,Africa,2007,43.487,1.2311142999999999e-05,469.7092981
